state,district,forecast_month,forecast,pi_low,pi_high,last_month,last_value
100000,100000,2026-01-01,1.8125,0.699294804875753,2.925705195124247,2025-12-01,2
Andaman & Nicobar Islands,Andamans,2026-01-01,2.0625,0.0,4.874707990706094,2025-12-01,1
Andaman & Nicobar Islands,Nicobars,2025-04-01,1.0,1.0,1.0,2025-03-01,1
Andaman & Nicobar Islands,South Andaman,2026-01-01,1.640625,0.0,3.735617319917383,2025-12-01,1
Andaman and Nicobar Islands,Nicobar,2026-01-01,2.70703125,0.0,6.942696619400433,2025-12-01,2
Andaman and Nicobar Islands,North And Middle Andaman,2026-01-01,4.21484375,0.4770364918524108,7.952651008147589,2025-12-01,3
Andaman and Nicobar Islands,South Andaman,2026-01-01,4.068359375,0.0,8.228324222749453,2025-12-01,3
Andhra Pradesh,Adilabad,2026-01-01,43.9853515625,25.85160749366053,62.11909563133947,2025-12-01,42
Andhra Pradesh,Alluri Sitharama Raju,2026-01-01,35.17919921875,27.247163548256296,43.111234889243704,2025-12-01,37
Andhra Pradesh,Anakapalli,2026-01-01,10.63330078125,3.474197581115887,17.792403981384112,2025-12-01,8
Andhra Pradesh,Anantapur,2026-01-01,114.2666015625,86.40354799092968,142.12965513407033,2025-12-01,115
Andhra Pradesh,Ananthapur,2026-01-01,48.1435546875,31.602497626988814,64.68461174801118,2025-12-01,54
Andhra Pradesh,Ananthapuramu,2026-01-01,72.74755859375,54.419435111204045,91.07568207629595,2025-12-01,77
Andhra Pradesh,Annamayya,2026-01-01,27.75927734375,15.93505222436417,39.58350246313583,2025-12-01,30
Andhra Pradesh,Bapatla,2026-01-01,10.47119140625,1.58218711115987,19.360195701340132,2025-12-01,7
Andhra Pradesh,Chittoor,2026-01-01,214.90478515625,142.69577176533107,287.1137985471689,2025-12-01,200
Andhra Pradesh,Cuddapah,2026-01-01,134.61962890625,76.13348801162962,193.10576980087038,2025-12-01,116
Andhra Pradesh,Dr. B. R. Ambedkar Konaseema,2026-01-01,18.9521484375,10.35552216939407,27.54877470560593,2025-12-01,20
Andhra Pradesh,East Godavari,2026-01-01,195.560546875,120.35827357315928,270.7628201768407,2025-12-01,181
Andhra Pradesh,Eluru,2026-01-01,18.81640625,0.0,37.666460613929644,2025-12-01,12
Andhra Pradesh,Guntur,2026-01-01,233.89013671875,147.4401893732853,320.3400840642147,2025-12-01,220
Andhra Pradesh,Hyderabad,2026-01-01,139.39599609375,77.0693391947391,201.7226529927609,2025-12-01,120
Andhra Pradesh,K.V.Rangareddy,2026-01-01,2.181640625,0.0,4.6057192696852045,2025-12-01,3
Andhra Pradesh,K.v. Rangareddy,2025-08-01,1.0,1.0,1.0,2025-07-01,1
Andhra Pradesh,Kakinada,2026-01-01,26.0751953125,16.28106921799064,35.86932140700936,2025-12-01,26
Andhra Pradesh,Karim Nagar,2026-01-01,2.1513671875,0.0,4.401258569914911,2025-12-01,3
Andhra Pradesh,Karimnagar,2026-01-01,24.75830078125,18.452667067271925,31.063934495228075,2025-12-01,25
Andhra Pradesh,Khammam,2026-01-01,42.5732421875,31.29853818179259,53.847946193207406,2025-12-01,41
Andhra Pradesh,Krishna,2026-01-01,179.345703125,125.00581535347214,233.68559089652786,2025-12-01,167
Andhra Pradesh,Kurnool,2026-01-01,284.64404296875,215.68787371675364,353.60021222074636,2025-12-01,287
Andhra Pradesh,Mahabub Nagar,2026-01-01,48.76806640625,26.71507602973945,70.82105678276055,2025-12-01,43
Andhra Pradesh,Mahabubnagar,2025-12-01,1.0,1.0,1.0,2025-11-01,1
Andhra Pradesh,Mahbubnagar,2026-01-01,20.25830078125,6.290039657979548,34.22656190452045,2025-12-01,17
Andhra Pradesh,Medak,2026-01-01,37.85302734375,5.642798000139024,70.06325668736098,2025-12-01,42
Andhra Pradesh,N. T. R,2026-01-01,30.115234375,15.307786555283856,44.922682194716145,2025-12-01,32
Andhra Pradesh,Nalgonda,2026-01-01,41.1123046875,14.056808013385389,68.16780136161461,2025-12-01,51
Andhra Pradesh,Nandyal,2026-01-01,17.376953125,6.773049411401885,27.980856838598115,2025-12-01,16
Andhra Pradesh,Nellore,2026-01-01,132.005859375,110.09449238548713,153.91722636451289,2025-12-01,135
Andhra Pradesh,Nizamabad,2026-01-01,16.8037109375,9.7237508606111,23.883671014388902,2025-12-01,16
Andhra Pradesh,Palnadu,2026-01-01,14.8896484375,0.0,32.398774341875594,2025-12-01,8
Andhra Pradesh,Parvathipuram Manyam,2026-01-01,10.765625,3.1236893469725464,18.407560653027453,2025-12-01,10
Andhra Pradesh,Prakasam,2026-01-01,221.26904296875,168.61836183534137,273.9197241021586,2025-12-01,227
Andhra Pradesh,Rangareddi,2026-01-01,56.8251953125,44.21928535353257,69.43110527146743,2025-12-01,59
Andhra Pradesh,Spsr Nellore,2025-02-01,2067.0,2067.0,2067.0,2025-01-01,2067
Andhra Pradesh,Sri Potti Sriramulu Nellore,2026-01-01,41.51025390625,32.640343768445646,50.380164044054354,2025-12-01,42
Andhra Pradesh,Sri Sathya Sai,2026-01-01,22.48046875,17.31385216531174,27.64708533468826,2025-12-01,22
Andhra Pradesh,Srikakulam,2026-01-01,102.82373046875,49.37422735769083,156.2732335798092,2025-12-01,83
Andhra Pradesh,Tirupati,2026-01-01,35.611328125,17.876784044685895,53.34587220531411,2025-12-01,34
Andhra Pradesh,Visakhapatanam,2025-02-01,226.0,226.0,226.0,2025-01-01,226
Andhra Pradesh,Visakhapatnam,2026-01-01,190.00341796875,136.4728657343994,243.5339702031006,2025-12-01,179
Andhra Pradesh,Vizianagaram,2026-01-01,98.25341796875,66.64541077550561,129.8614251619944,2025-12-01,92
Andhra Pradesh,Warangal,2026-01-01,35.171875,25.5819691612138,44.7617808387862,2025-12-01,36
Andhra Pradesh,West Godavari,2026-01-01,151.97900390625,107.79237358601213,196.16563422648787,2025-12-01,155
Andhra Pradesh,Y. S. R,2026-01-01,22.6396484375,15.42720444212517,29.85209243287483,2025-12-01,24
Arunachal Pradesh,Anjaw,2026-01-01,1.6875,0.0,3.5795530160079063,2025-12-01,1
Arunachal Pradesh,Changlang,2026-01-01,20.982421875,0.0,46.37969330156473,2025-12-01,15
Arunachal Pradesh,Dibang Valley,2025-09-01,3.0,3.0,3.0,2025-08-01,3
Arunachal Pradesh,East Kameng,2026-01-01,3.4677734375,0.0,7.78162009838274,2025-12-01,4
Arunachal Pradesh,East Siang,2026-01-01,3.95947265625,0.3091946327679027,7.609750679732097,2025-12-01,3
Arunachal Pradesh,Kamle,2025-09-01,2.59375,0.0,6.747471576195414,2025-08-01,2
Arunachal Pradesh,Kra Daadi,2025-11-01,2.84375,1.555157048416066,4.132342951583934,2025-10-01,3
Arunachal Pradesh,Kurung Kumey,2026-01-01,2.296875,0.06428933743577625,4.529460662564224,2025-12-01,3
Arunachal Pradesh,Leparada,2025-10-01,1.0,1.0,1.0,2025-09-01,1
Arunachal Pradesh,Lohit,2026-01-01,4.7060546875,0.0,10.744010272613867,2025-12-01,6
Arunachal Pradesh,Longding,2026-01-01,21.3369140625,0.0,44.39476765971992,2025-12-01,22
Arunachal Pradesh,Lower Dibang Valley,2026-01-01,4.44140625,1.344350214944352,7.5384622850556475,2025-12-01,5
Arunachal Pradesh,Lower Siang,2025-11-01,2.0703125,1.3871241583257607,2.7535008416742395,2025-10-01,2
Arunachal Pradesh,Lower Subansiri,2026-01-01,2.9609375,0.0,6.183500712350843,2025-12-01,2
Arunachal Pradesh,Namsai,2026-01-01,3.77099609375,0.0,8.963247714842096,2025-12-01,5
Arunachal Pradesh,Papum Pare,2026-01-01,14.39013671875,8.717327636979455,20.062945800520545,2025-12-01,16
Arunachal Pradesh,Shi-yomi,2025-12-01,1.8125,0.0,6.08289824565234,2025-11-01,1
Arunachal Pradesh,Siang,2026-01-01,3.2265625,0.1050976725827617,6.348027327417238,2025-12-01,3
Arunachal Pradesh,Tawang,2026-01-01,3.623046875,0.0,12.754193284474646,2025-12-01,1
Arunachal Pradesh,Tirap,2026-01-01,3.005859375,0.17511007946390178,5.836608670536098,2025-12-01,3
Arunachal Pradesh,Upper Siang,2026-01-01,2.2890625,0.0,7.479108090199229,2025-12-01,1
Arunachal Pradesh,Upper Subansiri,2026-01-01,5.41796875,0.12358288973000064,10.71235461027,2025-12-01,4
Arunachal Pradesh,West Kameng,2026-01-01,6.1376953125,0.0,14.927845475358536,2025-12-01,9
Arunachal Pradesh,West Siang,2026-01-01,6.34033203125,0.0,13.652680366639359,2025-12-01,9
Assam,Bajali,2026-01-01,2.09375,0.0,4.407385833321824,2025-12-01,3
Assam,Baksa,2026-01-01,51.0908203125,0.0,128.04942125635762,2025-12-01,51
Assam,Barpeta,2026-01-01,240.83447265625,0.0,568.0742382176271,2025-12-01,220
Assam,Biswanath,2026-01-01,38.58935546875,7.017858975226353,70.16085196227365,2025-12-01,49
Assam,Bongaigaon,2026-01-01,66.8017578125,11.655075203350982,121.94844042164902,2025-12-01,60
Assam,Cachar,2026-01-01,220.7509765625,0.0,721.1916761244908,2025-12-01,197
Assam,Charaideo,2026-01-01,18.3466796875,0.0,44.619177102671856,2025-12-01,11
Assam,Chirang,2026-01-01,45.2568359375,0.0,145.04399511738762,2025-12-01,42
Assam,Darrang,2026-01-01,236.93994140625,0.0,515.088992283451,2025-12-01,341
Assam,Dhemaji,2026-01-01,127.32958984375,0.0,342.45342241335095,2025-12-01,148
Assam,Dhubri,2026-01-01,233.310546875,20.64796031932738,445.97313343067265,2025-12-01,213
Assam,Dibrugarh,2026-01-01,102.57470703125,0.0,318.593982722905,2025-12-01,105
Assam,Dima Hasao,2026-01-01,4.78125,0.0,69.58663894970908,2025-12-01,1
Assam,Goalpara,2026-01-01,119.02294921875,0.0,409.6972182584303,2025-12-01,72
Assam,Golaghat,2026-01-01,117.947265625,0.0,538.3336653899942,2025-12-01,128
Assam,Hailakandi,2026-01-01,88.09228515625,0.0,213.38830639352022,2025-12-01,50
Assam,Hojai,2026-01-01,82.4521484375,0.0,280.2583095595376,2025-12-01,63
Assam,Jorhat,2026-01-01,90.87548828125,0.0,201.42055176438947,2025-12-01,93
Assam,Kamrup,2026-01-01,188.08447265625,0.0,565.3813297846425,2025-12-01,181
Assam,Kamrup Metro,2026-01-01,130.56005859375,25.174166413833476,235.94595077366654,2025-12-01,139
Assam,Karbi Anglong,2026-01-01,140.12939453125,0.0,359.86911210080524,2025-12-01,137
Assam,Karimganj,2026-01-01,261.44189453125,0.0,593.2022032390531,2025-12-01,205
Assam,Kokrajhar,2026-01-01,88.01220703125,0.0,217.7867651509459,2025-12-01,119
Assam,Lakhimpur,2026-01-01,119.07421875,0.0,274.7172550175544,2025-12-01,108
Assam,Majuli,2026-01-01,8.91552734375,0.0,27.082974358735925,2025-12-01,4
Assam,Marigaon,2026-01-01,128.658203125,0.0,427.9048067411569,2025-12-01,65
Assam,Nagaon,2026-01-01,262.89111328125,13.699329250823695,512.0828973116763,2025-12-01,206
Assam,Nalbari,2026-01-01,77.748046875,18.04540557799662,137.45068817200337,2025-12-01,61
Assam,North Cachar Hills,2026-01-01,14.52587890625,0.0,48.241488921697034,2025-12-01,7
Assam,Sibsagar,2026-01-01,41.29638671875,0.0,95.28823584322168,2025-12-01,29
Assam,Sivasagar,2025-02-01,422.0,422.0,422.0,2025-01-01,422
Assam,Sonitpur,2026-01-01,193.1474609375,74.07672050283917,312.2182013721608,2025-12-01,178
Assam,South Salmara Mankachar,2026-01-01,41.580078125,18.17959717233211,64.98055907766789,2025-12-01,45
Assam,Sribhumi,2026-01-01,4.83349609375,0.6560540250717128,9.010938162428287,2025-12-01,6
Assam,Tamulpur District,2026-01-01,1.58984375,0.2153178078746263,2.9643696921253735,2025-12-01,2
Assam,Tinsukia,2026-01-01,112.35400390625,0.0,336.70486934890755,2025-12-01,93
Assam,Udalguri,2026-01-01,82.9990234375,0.0,179.11559614717083,2025-12-01,91
Assam,West Karbi Anglong,2026-01-01,25.03466796875,0.0,102.62934805338112,2025-12-01,24
Bihar,Araria,2026-01-01,312.09326171875,160.5602251069152,463.6262983305848,2025-12-01,290
Bihar,Arwal,2026-01-01,91.1494140625,36.504547686784676,145.7942804382153,2025-12-01,86
Bihar,Aurangabad,2026-01-01,241.38134765625,139.81168892394902,342.951006388551,2025-12-01,210
Bihar,Aurangabad(BH),2025-06-01,1.0,1.0,1.0,2025-05-01,1
Bihar,Aurangabad(bh),2026-01-01,2.27734375,0.0,6.210650454497241,2025-12-01,1
Bihar,Banka,2026-01-01,227.908203125,58.68458554220328,397.1318207077967,2025-12-01,182
Bihar,Begusarai,2026-01-01,290.91064453125,172.6820496618444,409.1392394006556,2025-12-01,297
Bihar,Bhabua,2025-12-01,1.265625,0.0,2.881087932176686,2025-11-01,1
Bihar,Bhagalpur,2026-01-01,326.365234375,0.0,795.0730527464573,2025-12-01,285
Bihar,Bhojpur,2026-01-01,330.38330078125,223.74386160064398,437.022739961856,2025-12-01,344
Bihar,Buxar,2026-01-01,199.30126953125,105.35714848996771,293.2453905725323,2025-12-01,233
Bihar,Darbhanga,2026-01-01,469.80029296875,253.24946082754795,686.351125109952,2025-12-01,467
Bihar,East Champaran,2026-01-01,609.1318359375,105.286208904212,1112.977462970788,2025-12-01,603
Bihar,Gaya,2026-01-01,441.6591796875,0.0,962.2755264524312,2025-12-01,423
Bihar,Gopalganj,2026-01-01,312.240234375,0.0,628.6951610443396,2025-12-01,348
Bihar,Jamui,2026-01-01,174.4853515625,0.0,382.29780934752625,2025-12-01,148
Bihar,Jehanabad,2026-01-01,86.3740234375,16.372509806310063,156.37553706868994,2025-12-01,75
Bihar,Kaimur (Bhabua),2026-01-01,151.306640625,6.146144684536097,296.4671365654639,2025-12-01,149
Bihar,Katihar,2026-01-01,367.6669921875,175.75350960840413,559.5804747665959,2025-12-01,325
Bihar,Khagaria,2026-01-01,242.12353515625,144.78657159593732,339.4604987165627,2025-12-01,277
Bihar,Kishanganj,2026-01-01,187.0205078125,102.30040296200588,271.7406126629941,2025-12-01,154
Bihar,Lakhisarai,2026-01-01,120.56103515625,0.0,254.27170589206062,2025-12-01,125
Bihar,Madhepura,2026-01-01,244.59716796875,158.34376034012513,330.85057559737487,2025-12-01,263
Bihar,Madhubani,2026-01-01,475.59375,27.361241688192592,923.8262583118074,2025-12-01,459
Bihar,Monghyr,2026-01-01,1.2109375,0.0,2.7008270544480455,2025-12-01,1
Bihar,Munger,2026-01-01,136.54443359375,29.82146810827426,243.26739907922575,2025-12-01,128
Bihar,Muzaffarpur,2026-01-01,490.7978515625,0.0,1156.5198663393885,2025-12-01,525
Bihar,Nalanda,2026-01-01,311.794921875,89.54974597966458,534.0400977703355,2025-12-01,341
Bihar,Nawada,2026-01-01,317.76904296875,111.98650716768972,523.5515787698102,2025-12-01,305
Bihar,Pashchim Champaran,2026-01-01,18.115234375,0.0,1228.7812844636383,2025-12-01,2
Bihar,Patna,2026-01-01,486.02099609375,82.48007202731202,889.561920160188,2025-12-01,501
Bihar,Purba Champaran,2026-01-01,3.9873046875,0.7617753070294602,7.21283406797054,2025-12-01,5
Bihar,Purbi Champaran,2025-10-01,7362.5,0.0,27243.655681197204,2025-09-01,190
Bihar,Purnea,2026-01-01,8.1142578125,0.0,18.460877610172027,2025-12-01,6
Bihar,Purnia,2026-01-01,356.6748046875,105.3055055371301,608.0441038378699,2025-12-01,318
Bihar,Rohtas,2026-01-01,205.7939453125,134.12886421890764,277.45902640609233,2025-12-01,196
Bihar,Saharsa,2026-01-01,334.189453125,159.48374265152242,508.89516359847755,2025-12-01,359
Bihar,Samastipur,2026-01-01,528.84375,348.82605016354995,708.86144983645,2025-12-01,575
Bihar,Samstipur,2025-11-01,3.484375,1.1029799892344294,5.865770010765571,2025-10-01,4
Bihar,Saran,2026-01-01,576.5986328125,298.2813962210454,854.9158694039546,2025-12-01,629
Bihar,Sheikhpura,2026-01-01,97.63916015625,63.17381019140612,132.10451012109388,2025-12-01,97
Bihar,Sheikpura,2025-11-01,2.125,0.0,4.3546821192585226,2025-10-01,3
Bihar,Sheohar,2026-01-01,74.99267578125,39.832308343459175,110.15304321904082,2025-12-01,66
Bihar,Sitamarhi,2026-01-01,418.64892578125,0.0,1852.8835335979734,2025-12-01,335
Bihar,Siwan,2026-01-01,398.87841796875,261.5062092335545,536.2506267039455,2025-12-01,407
Bihar,Supaul,2026-01-01,213.4287109375,96.4441040965098,330.4133177784902,2025-12-01,186
Bihar,Vaishali,2026-01-01,546.22802734375,370.4614982173566,721.9945564701434,2025-12-01,593
Bihar,West Champaran,2026-01-01,447.7578125,0.0,1101.5363963385537,2025-12-01,406
Chandigarh,Chandigarh,2026-01-01,65.65673828125,22.34056313620382,108.97291342629617,2025-12-01,52
Chandigarh,Rupnagar,2025-06-01,1.0,1.0,1.0,2025-05-01,1
Chhattisgarh,Balod,2026-01-01,46.3759765625,22.41998965987255,70.33196346512744,2025-12-01,42
Chhattisgarh,Baloda Bazar,2026-01-01,119.31103515625,50.89412850588148,187.7279418066185,2025-12-01,131
Chhattisgarh,Balrampur,2026-01-01,128.8642578125,8.598286190460072,249.13022943453993,2025-12-01,115
Chhattisgarh,Bastar,2026-01-01,115.998046875,81.80877263418789,150.1873211158121,2025-12-01,112
Chhattisgarh,Bemetara,2026-01-01,72.5068359375,38.34901721333372,106.66465466166628,2025-12-01,63
Chhattisgarh,Bijapur,2026-01-01,71.93017578125,0.0,248.2224102434809,2025-12-01,84
Chhattisgarh,Bilaspur,2026-01-01,231.91650390625,112.00030572861539,351.8327020838846,2025-12-01,240
Chhattisgarh,Dakshin Bastar Dantewada,2026-01-01,14.34716796875,0.0,32.828907063412565,2025-12-01,10
Chhattisgarh,Dantewada,2026-01-01,13.03857421875,0.0,26.71468242053239,2025-12-01,10
Chhattisgarh,Dhamtari,2026-01-01,52.88330078125,25.768334736368796,79.9982668261312,2025-12-01,45
Chhattisgarh,Durg,2026-01-01,98.61181640625,41.27085643625347,155.95277637624653,2025-12-01,100
Chhattisgarh,Gariyaband,2026-01-01,44.3583984375,17.136046357755742,71.58075051724425,2025-12-01,47
Chhattisgarh,Gaurela-pendra-marwahi,2026-01-01,2.916015625,1.0379594672419281,4.794071782758072,2025-12-01,3
Chhattisgarh,Gaurella Pendra Marwahi,2025-02-01,983.0,983.0,983.0,2025-01-01,983
Chhattisgarh,Janjgir - Champa,2026-01-01,2.0,0.0,4.400573208725845,2025-12-01,3
Chhattisgarh,Janjgir Champa,2025-12-01,1.21875,0.22590167291951868,2.2115983270804813,2025-11-01,1
Chhattisgarh,Janjgir-champa,2026-01-01,146.80615234375,84.54963908750436,209.06266559999563,2025-12-01,160
Chhattisgarh,Jashpur,2026-01-01,79.81689453125,35.5378941521101,124.0958949103899,2025-12-01,88
Chhattisgarh,Kabeerdham,2026-01-01,25.26904296875,13.189807297606857,37.348278639893145,2025-12-01,29
Chhattisgarh,Kanker,2026-01-01,46.94287109375,27.927309700521214,65.95843248697878,2025-12-01,54
Chhattisgarh,Kawardha,2026-01-01,53.99951171875,28.38241469033877,79.61660874716122,2025-12-01,49
Chhattisgarh,Khairagarh Chhuikhadan Gandai,2026-01-01,4.140625,0.0,8.462170038867306,2025-12-01,4
Chhattisgarh,Kondagaon,2026-01-01,75.9013671875,44.516756035978005,107.285978339022,2025-12-01,77
Chhattisgarh,Korba,2026-01-01,106.892578125,63.69157217802114,150.09358407197885,2025-12-01,99
Chhattisgarh,Koriya,2026-01-01,69.06884765625,19.01646111999643,119.12123419250358,2025-12-01,88
Chhattisgarh,Mahasamund,2026-01-01,96.19921875,56.43538855857348,135.9630489414265,2025-12-01,84
Chhattisgarh,Manendragarh–Chirmiri–Bharatpur,2026-01-01,6.7451171875,0.2578995264008892,13.23233484859911,2025-12-01,6
Chhattisgarh,Mohalla-Manpur-Ambagarh Chowki,2025-12-01,1.25,0.17646378728987422,2.323536212710126,2025-11-01,1
Chhattisgarh,Mohla-Manpur-Ambagarh Chouki,2026-01-01,7.71142578125,3.5265038588282724,11.896347703671728,2025-12-01,7
Chhattisgarh,Mungeli,2026-01-01,85.4873046875,48.85149192968032,122.12311744531968,2025-12-01,79
Chhattisgarh,Narayanpur,2026-01-01,15.63671875,5.208504494865235,26.064933005134765,2025-12-01,15
Chhattisgarh,Raigarh,2026-01-01,97.10986328125,11.812829309996033,182.40689725250397,2025-12-01,90
Chhattisgarh,Raipur,2026-01-01,205.27294921875,140.20359191473906,270.34230652276096,2025-12-01,204
Chhattisgarh,Rajnandgaon,2026-01-01,95.5283203125,58.10219672049154,132.95444390450845,2025-12-01,86
Chhattisgarh,Sakti,2026-01-01,12.03076171875,0.0,25.676295147172,2025-12-01,7
Chhattisgarh,Sarangarh-Bilaigarh,2026-01-01,3.0625,0.0,6.344381504455033,2025-12-01,4
Chhattisgarh,Sukma,2026-01-01,24.740234375,0.0,77.85834237386838,2025-12-01,23
Chhattisgarh,Surajpur,2026-01-01,97.4072265625,59.27506162845912,135.53939149654087,2025-12-01,106
Chhattisgarh,Surguja,2026-01-01,116.2236328125,83.07998201570464,149.36728360929536,2025-12-01,116
Chhattisgarh,Uttar Bastar Kanker,2026-01-01,17.958984375,10.848991290094462,25.06897745990554,2025-12-01,16
Dadra & Nagar Haveli,Dadra & Nagar Haveli,2025-12-01,1.25390625,0.2090936269627619,2.298718873037238,2025-11-01,1
Dadra and Nagar Haveli,Dadra and Nagar Haveli,2026-01-01,31.017578125,16.297552913494762,45.73760333650524,2025-12-01,31
Dadra and Nagar Haveli and Daman and Diu,Dadra and Nagar Haveli,2026-01-01,3.9482421875,0.3316962313976921,7.564788143602308,2025-12-01,5
Dadra and Nagar Haveli and Daman and Diu,Daman,2025-12-01,3.125,1.6831319306497683,4.566868069350232,2025-11-01,3
Dadra and Nagar Haveli and Daman and Diu,Diu,2026-01-01,1.625,0.0,3.8505947058868997,2025-12-01,1
Daman & Diu,Daman,2025-05-01,1.0,1.0,1.0,2025-04-01,1
Daman & Diu,Diu,2026-01-01,1.5,0.2603871572139953,2.7396128427860047,2025-12-01,2
Daman and Diu,Daman,2025-12-01,2.125,0.9622950942103949,3.287704905789605,2025-11-01,2
Daman and Diu,Diu,2026-01-01,2.875,0.0,6.798946008777674,2025-12-01,4
Delhi,Central Delhi,2026-01-01,61.21923828125,0.0,158.13900792723786,2025-12-01,60
Delhi,East Delhi,2026-01-01,142.94287109375,0.0,420.2039580336103,2025-12-01,127
Delhi,Najafgarh,2026-01-01,1.6015625,0.03256236117448075,3.170562638825519,2025-12-01,2
Delhi,New Delhi,2026-01-01,7.1767578125,0.0,84.22204885409509,2025-12-01,6
Delhi,North Delhi,2026-01-01,76.5869140625,0.0,158.59259742856455,2025-12-01,73
Delhi,North East,2026-01-01,41.26611328125,24.41111994673884,58.121106615761164,2025-12-01,39
Delhi,North East Delhi,2026-01-01,158.91748046875,0.0,484.5849776469421,2025-12-01,141
Delhi,North West Delhi,2026-01-01,328.46435546875,104.28294403758184,552.6457668999182,2025-12-01,311
Delhi,Shahdara,2026-01-01,16.66845703125,0.0,83.07877318980023,2025-12-01,17
Delhi,South Delhi,2026-01-01,261.3505859375,79.00168424436873,443.69948763063127,2025-12-01,244
Delhi,South East Delhi,2026-01-01,3.04296875,0.0,7.786261027460457,2025-12-01,5
Delhi,South West Delhi,2026-01-01,208.47021484375,66.46175738832724,350.4786722991728,2025-12-01,221
Delhi,West Delhi,2026-01-01,242.3125,0.0,878.9208441411928,2025-12-01,224
Goa,North Goa,2026-01-01,39.17333984375,23.53843134854109,54.80824833895891,2025-12-01,40
Goa,South Goa,2026-01-01,32.69384765625,19.105760018316623,46.28193529418338,2025-12-01,35
Gujarat,Ahmadabad,2026-01-01,37.9775390625,0.0,340.3557313512572,2025-12-01,37
Gujarat,Ahmedabad,2026-01-01,577.1103515625,395.26039715180207,758.9603059731979,2025-12-01,583
Gujarat,Amreli,2026-01-01,103.01513671875,44.95888836625085,161.07138507124915,2025-12-01,105
Gujarat,Anand,2026-01-01,164.28515625,60.57765927102899,267.992653228971,2025-12-01,171
Gujarat,Arvalli,2026-01-01,55.14794921875,5.999307234168782,104.29659120333122,2025-12-01,55
Gujarat,Banas Kantha,2026-01-01,29.38671875,0.0,1356.019284010774,2025-12-01,6
Gujarat,Banaskantha,2026-01-01,337.6181640625,0.0,695.1673286655522,2025-12-01,369
Gujarat,Bharuch,2026-01-01,135.44189453125,78.89525505569898,191.98853400680102,2025-12-01,146
Gujarat,Bhavnagar,2026-01-01,312.638671875,105.69740301990117,519.5799407300988,2025-12-01,361
Gujarat,Botad,2026-01-01,48.2841796875,0.0,148.0036959736984,2025-12-01,60
Gujarat,Chhotaudepur,2026-01-01,65.03466796875,0.0,209.59982047783802,2025-12-01,71
Gujarat,Dahod,2026-01-01,253.763671875,16.439061949409222,491.0882818005908,2025-12-01,274
Gujarat,Dang,2025-02-01,872.0,872.0,872.0,2025-01-01,872
Gujarat,Devbhumi Dwarka,2026-01-01,54.77001953125,0.0,122.67600547395764,2025-12-01,69
Gujarat,Dohad,2026-01-01,70.419921875,0.0,663.6173147907338,2025-12-01,73
Gujarat,Gandhinagar,2026-01-01,122.17724609375,7.149602009122461,237.20489017837752,2025-12-01,118
Gujarat,Gir Somnath,2026-01-01,95.30322265625,0.0,272.93251569338054,2025-12-01,104
Gujarat,Jamnagar,2026-01-01,128.642578125,23.49061639693052,233.79453985306947,2025-12-01,136
Gujarat,Junagadh,2026-01-01,174.96142578125,117.2673825429769,232.65546901952308,2025-12-01,171
Gujarat,Kachchh,2026-01-01,163.57958984375,0.0,343.8279421836945,2025-12-01,186
Gujarat,Kheda,2026-01-01,221.1259765625,109.49894103763945,332.75301208736056,2025-12-01,211
Gujarat,Mahesana,2026-01-01,177.392578125,62.92565023530598,291.85950601469403,2025-12-01,187
Gujarat,Mahisagar,2026-01-01,56.76123046875,9.00477294165377,104.51768799584623,2025-12-01,58
Gujarat,Morbi,2026-01-01,76.17626953125,0.0,379.0575557924944,2025-12-01,76
Gujarat,Narmada,2026-01-01,49.8701171875,33.77358632421022,65.96664805078979,2025-12-01,50
Gujarat,Navsari,2026-01-01,75.0927734375,32.21005677838481,117.97549009661519,2025-12-01,79
Gujarat,Panch Mahals,2026-01-01,3.533203125,0.0,102.67152307674874,2025-12-01,3
Gujarat,Panchmahals,2026-01-01,193.96240234375,102.47463216374462,285.4501725237554,2025-12-01,205
Gujarat,Patan,2026-01-01,166.12060546875,0.0,445.9145903305746,2025-12-01,202
Gujarat,Porbandar,2026-01-01,44.646484375,0.0,117.1267663981821,2025-12-01,55
Gujarat,Rajkot,2026-01-01,281.17529296875,0.0,730.977356762522,2025-12-01,301
Gujarat,Sabar Kantha,2026-01-01,8.224609375,0.0,178.78211542588505,2025-12-01,5
Gujarat,Sabarkantha,2026-01-01,146.42431640625,75.8979662613605,216.9506665511395,2025-12-01,152
Gujarat,Surat,2026-01-01,525.921875,0.0,1101.0800086667725,2025-12-01,531
Gujarat,Surendra Nagar,2026-01-01,208.38671875,117.9027256271658,298.8707118728342,2025-12-01,223
Gujarat,Surendranagar,2026-01-01,5.982421875,0.0,144.78214025343848,2025-12-01,2
Gujarat,Tapi,2026-01-01,101.32421875,51.698196608862936,150.95024089113707,2025-12-01,90
Gujarat,The Dangs,2026-01-01,37.3310546875,11.310925615614323,63.35118375938568,2025-12-01,36
Gujarat,Vadodara,2026-01-01,298.76953125,136.12872703416204,461.410335465838,2025-12-01,297
Gujarat,Valsad,2026-01-01,202.35302734375,68.05734296415949,336.6487117233405,2025-12-01,212
Haryana,Ambala,2026-01-01,80.2177734375,52.682290921420474,107.75325595357953,2025-12-01,76
Haryana,Bhiwani,2026-01-01,82.396484375,44.211609639859084,120.58135911014091,2025-12-01,70
Haryana,Charkhi Dadri,2026-01-01,23.93896484375,7.007571809078968,40.87035787842103,2025-12-01,20
Haryana,Faridabad,2026-01-01,219.560546875,0.0,711.2075485341225,2025-12-01,195
Haryana,Fatehabad,2026-01-01,63.083984375,31.761137498911214,94.40683125108879,2025-12-01,62
Haryana,Gurgaon,2026-01-01,146.0673828125,24.67560060720976,267.45916501779027,2025-12-01,136
Haryana,Gurugram,2025-10-01,1318.0,0.0,4832.716682294606,2025-09-01,50
Haryana,Hisar,2026-01-01,131.5908203125,76.72204874016809,186.45959188483192,2025-12-01,117
Haryana,Jhajjar,2026-01-01,73.521484375,45.46528414007726,101.57768460992274,2025-12-01,67
Haryana,Jhajjar *,2025-05-01,1.0,1.0,1.0,2025-04-01,1
Haryana,Jind,2026-01-01,100.7685546875,44.74608153246366,156.79102784253632,2025-12-01,82
Haryana,Kaithal,2026-01-01,92.005859375,46.080117559761916,137.9316011902381,2025-12-01,99
Haryana,Karnal,2026-01-01,115.55078125,57.06819981314118,174.03336268685882,2025-12-01,114
Haryana,Kurukshetra,2026-01-01,56.22412109375,22.797685278497433,89.65055690900257,2025-12-01,45
Haryana,Mahendragarh,2026-01-01,70.77392578125,40.48115294745304,101.06669861504696,2025-12-01,69
Haryana,Mewat,2026-01-01,112.17236328125,0.0,224.84379724806544,2025-12-01,82
Haryana,Nuh,2025-02-01,1506.0,1506.0,1506.0,2025-01-01,1506
Haryana,Palwal,2026-01-01,107.310546875,56.882951668344255,157.73814208165575,2025-12-01,98
Haryana,Panchkula,2026-01-01,35.31640625,22.642208390300283,47.99060410969972,2025-12-01,36
Haryana,Panipat,2026-01-01,97.32275390625,0.0,233.0030125376287,2025-12-01,79
Haryana,Rewari,2026-01-01,64.3662109375,25.164124472811594,103.5682974021884,2025-12-01,56
Haryana,Rohtak,2026-01-01,84.064453125,48.1449076877568,119.9839985622432,2025-12-01,85
Haryana,Sirsa,2026-01-01,77.44189453125,19.508086487373824,135.37570257512618,2025-12-01,60
Haryana,Sonipat,2026-01-01,120.8369140625,73.69325863684195,167.98056948815804,2025-12-01,128
Haryana,Yamuna Nagar,2026-01-01,91.3505859375,51.48070256674009,131.2204693082599,2025-12-01,85
Haryana,Yamunanagar,2025-12-01,1.65625,0.0,3.890474379737817,2025-11-01,1
Himachal Pradesh,Bilaspur,2026-01-01,25.775390625,7.502293986033436,44.048487263966564,2025-12-01,19
Himachal Pradesh,Chamba,2026-01-01,41.7236328125,12.295621909997088,71.1516437150029,2025-12-01,34
Himachal Pradesh,Hamirpur,2026-01-01,32.22607421875,18.068145202559155,46.38400323494085,2025-12-01,32
Himachal Pradesh,Kangra,2026-01-01,102.8271484375,38.22015970582629,167.4341371691737,2025-12-01,81
Himachal Pradesh,Kinnaur,2026-01-01,4.3759765625,0.2670291678749477,8.484923957125051,2025-12-01,3
Himachal Pradesh,Kullu,2026-01-01,29.9892578125,14.946255283824138,45.03226034117586,2025-12-01,26
Himachal Pradesh,Lahul & Spiti,2026-01-01,1.90625,0.2236195806252852,3.588880419374715,2025-12-01,2
Himachal Pradesh,Lahul and Spiti,2025-12-01,1.625,0.0,3.6831300056688847,2025-11-01,1
Himachal Pradesh,Mandi,2026-01-01,65.8427734375,25.455811182853118,106.22973569214687,2025-12-01,54
Himachal Pradesh,Shimla,2026-01-01,41.2509765625,24.84646261646863,57.65549050853137,2025-12-01,40
Himachal Pradesh,Sirmaur,2026-01-01,51.89697265625,30.148954900629615,73.64499041187038,2025-12-01,48
Himachal Pradesh,Solan,2026-01-01,33.92431640625,19.60406315581219,48.24456965668781,2025-12-01,35
Himachal Pradesh,Una,2026-01-01,32.41259765625,14.082795761614705,50.742399550885295,2025-12-01,28
Jammu & Kashmir,Anantnag,2025-11-01,1.0,1.0,1.0,2025-10-01,1
Jammu & Kashmir,Baramula,2026-01-01,1.953125,0.8769704023939136,3.0292795976060862,2025-12-01,2
Jammu & Kashmir,Doda,2025-08-01,1.0,1.0,1.0,2025-07-01,1
Jammu & Kashmir,Jammu,2026-01-01,2.1025390625,0.0,4.517336590109534,2025-12-01,2
Jammu & Kashmir,Kargil,2025-02-01,1.0,1.0,1.0,2025-01-01,1
Jammu & Kashmir,Rajauri,2025-12-01,1.0,1.0,1.0,2025-11-01,1
Jammu & Kashmir,Srinagar,2025-07-01,1.0,1.0,1.0,2025-06-01,1
Jammu And Kashmir,Doda,2025-02-01,538.0,538.0,538.0,2025-01-01,538
Jammu And Kashmir,Shopian,2025-02-01,412.0,412.0,412.0,2025-01-01,412
Jammu and Kashmir,Anantnag,2026-01-01,66.89404296875,0.0,165.4579327818435,2025-12-01,28
Jammu and Kashmir,Badgam,2026-01-01,33.7490234375,0.0,86.12264179309585,2025-12-01,14
Jammu and Kashmir,Bandipore,2026-01-01,26.35498046875,0.0,85.81420221218755,2025-12-01,6
Jammu and Kashmir,Baramula,2026-01-01,65.70556640625,5.0802302062018825,126.33090260629811,2025-12-01,43
Jammu and Kashmir,Budgam,2026-01-01,15.796875,0.0,33.62295542012826,2025-12-01,9
Jammu and Kashmir,Doda,2026-01-01,42.916015625,0.0,90.25062861272767,2025-12-01,32
Jammu and Kashmir,Ganderbal,2026-01-01,20.24951171875,1.716588937800303,38.7824344996997,2025-12-01,14
Jammu and Kashmir,Jammu,2026-01-01,101.2216796875,33.67458351822866,168.76877585677136,2025-12-01,82
Jammu and Kashmir,Kargil,2026-01-01,7.53662109375,0.0,17.489877329845477,2025-12-01,6
Jammu and Kashmir,Kathua,2026-01-01,53.201171875,0.0,108.21881280511873,2025-12-01,38
Jammu and Kashmir,Kishtwar,2026-01-01,19.234375,1.5286595138860406,36.94009048611396,2025-12-01,13
Jammu and Kashmir,Kulgam,2026-01-01,19.20751953125,0.0,54.1260194008662,2025-12-01,6
Jammu and Kashmir,Kupwara,2026-01-01,54.75537109375,0.0,114.6805242658765,2025-12-01,32
Jammu and Kashmir,Leh,2026-01-01,7.638671875,0.0,16.59051063893378,2025-12-01,5
Jammu and Kashmir,Pulwama,2026-01-01,28.62548828125,0.0,89.05912992668598,2025-12-01,6
Jammu and Kashmir,Punch,2026-01-01,54.3154296875,27.83702430529604,80.79383506970396,2025-12-01,51
Jammu and Kashmir,Rajouri,2026-01-01,45.29541015625,0.0,120.7804148497645,2025-12-01,18
Jammu and Kashmir,Ramban,2026-01-01,34.37451171875,12.299783723245287,56.449239714254716,2025-12-01,31
Jammu and Kashmir,Reasi,2026-01-01,30.755859375,0.0,63.619296497443884,2025-12-01,18
Jammu and Kashmir,Samba,2026-01-01,11.63232421875,0.0,31.39763657644882,2025-12-01,4
Jammu and Kashmir,Shupiyan,2026-01-01,11.03564453125,0.0,28.834626702266924,2025-12-01,5
Jammu and Kashmir,Srinagar,2026-01-01,55.4580078125,0.0,144.1540943533986,2025-12-01,23
Jammu and Kashmir,Udhampur,2026-01-01,45.3388671875,0.0,95.99571968680621,2025-12-01,25
Jharkhand,Bokaro,2026-01-01,183.42041015625,102.38635489164677,264.45446542085324,2025-12-01,158
Jharkhand,Chatra,2026-01-01,146.18212890625,53.953084958634435,238.41117285386557,2025-12-01,126
Jharkhand,Deoghar,2026-01-01,233.3681640625,87.8554477344563,378.88088039054367,2025-12-01,207
Jharkhand,Dhanbad,2026-01-01,294.943359375,191.28432994967454,398.60238880032546,2025-12-01,298
Jharkhand,Dumka,2026-01-01,163.76513671875,70.8557393069043,256.6745341305957,2025-12-01,136
Jharkhand,East Singhbhum,2026-01-01,187.78955078125,77.66381381042439,297.91528775207564,2025-12-01,148
Jharkhand,East Singhbum,2025-02-01,1447.0,1447.0,1447.0,2025-01-01,1447
Jharkhand,Garhwa,2026-01-01,206.7626953125,105.16645312649626,308.35893749850374,2025-12-01,174
Jharkhand,Garhwa *,2026-01-01,8.2890625,0.0,21.71946659617565,2025-12-01,3
Jharkhand,Giridih,2026-01-01,399.37353515625,258.2374167446708,540.5096535678292,2025-12-01,363
Jharkhand,Godda,2026-01-01,168.35400390625,76.62788455163482,260.0801232608652,2025-12-01,141
Jharkhand,Gumla,2026-01-01,171.0693359375,89.21308101025448,252.92559086474552,2025-12-01,158
Jharkhand,Hazaribag,2026-01-01,26.013671875,13.346730117433442,38.68061363256656,2025-12-01,29
Jharkhand,Hazaribagh,2026-01-01,179.96826171875,133.3543017929642,226.5822216445358,2025-12-01,168
Jharkhand,Jamtara,2026-01-01,114.02880859375,74.79616000337883,153.26145718412118,2025-12-01,107
Jharkhand,Khunti,2026-01-01,64.94775390625,28.55073614767963,101.34477166482037,2025-12-01,59
Jharkhand,Kodarma,2026-01-01,5.4990234375,0.0,16.052259017816613,2025-12-01,2
Jharkhand,Koderma,2026-01-01,104.42138671875,58.97097129873072,149.87180213876928,2025-12-01,91
Jharkhand,Latehar,2026-01-01,102.02734375,63.995732488256195,140.05895501174382,2025-12-01,92
Jharkhand,Lohardaga,2026-01-01,55.95166015625,12.03001658500709,99.87330372749291,2025-12-01,47
Jharkhand,Pakaur,2026-01-01,9.3642578125,0.0,24.968254393902384,2025-12-01,5
Jharkhand,Pakur,2026-01-01,108.33740234375,0.0,334.61890733381,2025-12-01,103
Jharkhand,Palamau,2026-01-01,9.0234375,0.0,19.2727356608285,2025-12-01,8
Jharkhand,Palamu,2026-01-01,275.2294921875,168.3426906936289,382.1162936813711,2025-12-01,250
Jharkhand,Pashchimi Singhbhum,2026-01-01,23.384765625,10.489623739751314,36.279907510248684,2025-12-01,22
Jharkhand,Purbi Singhbhum,2026-01-01,28.16357421875,21.66871864218151,34.65842979531849,2025-12-01,30
Jharkhand,Ramgarh,2026-01-01,93.38134765625,44.38507914163212,142.3776161708679,2025-12-01,77
Jharkhand,Ranchi,2026-01-01,332.326171875,50.8379400053027,613.8144037446973,2025-12-01,258
Jharkhand,Sahebganj,2026-01-01,206.76220703125,79.12885459411972,334.39555946838027,2025-12-01,173
Jharkhand,Sahibganj,2026-01-01,10.5400390625,0.0,21.105897693458417,2025-12-01,7
Jharkhand,Seraikela-Kharsawan,2026-01-01,105.9375,67.67636522617698,144.19863477382302,2025-12-01,101
Jharkhand,Seraikela-kharsawan,2026-01-01,24.61181640625,9.208347322705984,40.01528548979402,2025-12-01,20
Jharkhand,Simdega,2026-01-01,74.05615234375,39.79812435096694,108.31418033653307,2025-12-01,64
Jharkhand,West Singhbhum,2026-01-01,161.611328125,78.44729468865117,244.77536156134883,2025-12-01,147
Karnataka,Bagalkot,2026-01-01,192.9833984375,89.63100153615629,296.3357953388437,2025-12-01,157
Karnataka,Bagalkot *,2026-01-01,5.384765625,2.212390434495063,8.557140815504937,2025-12-01,5
Karnataka,Ballari,2026-01-01,81.5078125,34.10031055800863,128.91531444199137,2025-12-01,67
Karnataka,Bangalore,2026-01-01,177.7783203125,83.89744244035117,271.65919818464886,2025-12-01,147
Karnataka,Bangalore Rural,2026-01-01,67.84716796875,41.30344199115811,94.39089394634189,2025-12-01,64
Karnataka,Belagavi,2026-01-01,243.99365234375,105.63079161358488,382.35651307391515,2025-12-01,204
Karnataka,Belgaum,2026-01-01,211.8837890625,117.85699274867879,305.9105853763212,2025-12-01,184
Karnataka,Bellary,2026-01-01,123.00390625,74.9558822679189,171.0519302320811,2025-12-01,111
Karnataka,Bengaluru,2026-01-01,502.96630859375,0.0,1209.4730095472885,2025-12-01,474
Karnataka,Bengaluru Rural,2025-02-01,2788.0,2788.0,2788.0,2025-01-01,2788
Karnataka,Bengaluru South,2026-01-01,3.953125,0.0,9.927004916818543,2025-12-01,2
Karnataka,Bengaluru Urban,2025-10-01,11295.0,0.0,41915.72175812974,2025-09-01,248
Karnataka,Bidar,2026-01-01,149.5419921875,88.76802341436283,210.31596096063717,2025-12-01,133
Karnataka,Bijapur,2026-01-01,125.0654296875,58.47513767968438,191.6557216953156,2025-12-01,111
Karnataka,Chamarajanagar,2026-01-01,4.69384765625,0.0,13.227686536255494,2025-12-01,2
Karnataka,Chamarajanagar *,2026-01-01,1.5,0.11407070887436688,2.885929291125633,2025-12-01,2
Karnataka,Chamrajanagar,2026-01-01,58.80712890625,27.467611616502115,90.14664619599789,2025-12-01,53
Karnataka,Chamrajnagar,2026-01-01,9.16845703125,0.0,21.495340446636547,2025-12-01,5
Karnataka,Chickmagalur,2026-01-01,32.0703125,22.783226492491504,41.35739850750849,2025-12-01,31
Karnataka,Chikkaballapur,2026-01-01,90.5576171875,39.99287404124457,141.12236033375544,2025-12-01,76
Karnataka,Chikkamagaluru,2026-01-01,33.638671875,13.303158265761606,53.97418548423839,2025-12-01,28
Karnataka,Chikmagalur,2026-01-01,4.46484375,0.5419232729253762,8.387764227074623,2025-12-01,5
Karnataka,Chitradurga,2026-01-01,85.02490234375,21.48861623939282,148.56118844810717,2025-12-01,63
Karnataka,Dakshina Kannada,2026-01-01,150.71826171875,52.13495593754844,249.30156749995155,2025-12-01,118
Karnataka,Davanagere,2026-01-01,11.57958984375,0.43970190910689055,22.71947777839311,2025-12-01,8
Karnataka,Davangere,2026-01-01,119.55419921875,69.1985351117569,169.90986332574312,2025-12-01,108
Karnataka,Dharwad,2026-01-01,143.1474609375,64.92810559717346,221.36681627782656,2025-12-01,120
Karnataka,Gadag,2026-01-01,222.05810546875,146.3613462167723,297.7548647207277,2025-12-01,235
Karnataka,Gadag *,2026-01-01,6.28125,0.0,14.514197231104392,2025-12-01,4
Karnataka,Gulbarga,2026-01-01,119.162109375,70.46233931554505,167.86187943445495,2025-12-01,105
Karnataka,Hasan,2026-01-01,26.26123046875,13.752810531822488,38.76965040567751,2025-12-01,22
Karnataka,Hassan,2026-01-01,66.9853515625,36.27263058530981,97.69807253969019,2025-12-01,57
Karnataka,Haveri,2026-01-01,123.57470703125,85.88718745540433,161.26222660709567,2025-12-01,118
Karnataka,Haveri *,2026-01-01,1.78271484375,0.0,5.266828830205821,2025-12-01,1
Karnataka,Kalaburagi,2026-01-01,114.03662109375,67.15334362897593,160.91989855852407,2025-12-01,107
Karnataka,Kodagu,2026-01-01,29.25048828125,0.0,63.46397012707554,2025-12-01,17
Karnataka,Kolar,2026-01-01,100.64794921875,65.7193637274045,135.5765347100955,2025-12-01,90
Karnataka,Koppal,2026-01-01,128.71240234375,39.45770715260714,217.96709753489284,2025-12-01,95
Karnataka,Mandya,2026-01-01,78.921875,10.907109898063268,146.93664010193675,2025-12-01,56
Karnataka,Mysore,2026-01-01,67.064453125,33.312857980283724,100.81604826971628,2025-12-01,56
Karnataka,Mysuru,2026-01-01,85.73095703125,19.048161903775366,152.41375215872463,2025-12-01,80
Karnataka,Raichur,2026-01-01,236.2216796875,157.0335324257423,315.4098269492577,2025-12-01,218
Karnataka,Ramanagar,2026-01-01,109.68017578125,23.241340081436704,196.1190114810633,2025-12-01,87
Karnataka,Ramanagara,2025-02-01,204.0,204.0,204.0,2025-01-01,204
Karnataka,Shimoga,2026-01-01,58.04541015625,21.328159386115516,94.76266092638448,2025-12-01,45
Karnataka,Shivamogga,2026-01-01,60.04638671875,26.605877065642062,93.48689637185794,2025-12-01,50
Karnataka,Tumakuru,2026-01-01,83.84228515625,43.410179506058746,124.27439080644126,2025-12-01,74
Karnataka,Tumkur,2026-01-01,75.556640625,40.83803838777254,110.27524286222746,2025-12-01,65
Karnataka,Udupi,2026-01-01,101.29638671875,39.31692294683812,163.27585049066187,2025-12-01,87
Karnataka,Udupi *,2025-03-01,1.0,1.0,1.0,2025-02-01,1
Karnataka,Uttara Kannada,2026-01-01,87.4287109375,53.08713159568193,121.77029027931806,2025-12-01,78
Karnataka,Vijayanagara,2026-01-01,64.2685546875,37.398697875934644,91.13841149906536,2025-12-01,57
Karnataka,Vijayapura,2026-01-01,172.11865234375,91.22984582833118,253.00745885916882,2025-12-01,151
Karnataka,Yadgir,2026-01-01,154.28271484375,102.87474480676525,205.69068488073475,2025-12-01,147
Karnataka,yadgir,2026-01-01,21.67626953125,10.816041285595944,32.536497776904056,2025-12-01,19
Kerala,Alappuzha,2026-01-01,98.1865234375,46.06926109954568,150.30378577545432,2025-12-01,82
Kerala,Ernakulam,2026-01-01,155.83251953125,99.62859817212689,212.03644089037311,2025-12-01,148
Kerala,Idukki,2026-01-01,45.10107421875,21.25978458368489,68.94236385381511,2025-12-01,38
Kerala,Kannur,2026-01-01,163.44091796875,93.53941218818333,233.34242374931665,2025-12-01,144
Kerala,Kasaragod,2026-01-01,92.2041015625,48.75998845993992,135.6482146650601,2025-12-01,82
Kerala,Kasargod,2026-01-01,7.7998046875,4.231267644282859,11.368341730717141,2025-12-01,8
Kerala,Kollam,2026-01-01,155.59912109375,107.02425806648996,204.17398412101005,2025-12-01,152
Kerala,Kottayam,2026-01-01,79.76513671875,50.15865947547792,109.37161396202208,2025-12-01,74
Kerala,Kozhikode,2026-01-01,181.0087890625,114.745356596354,247.272221528646,2025-12-01,165
Kerala,Malappuram,2026-01-01,369.65673828125,204.8975969283898,534.4158796341102,2025-12-01,328
Kerala,Palakkad,2026-01-01,163.72265625,99.2393463687208,228.20596613127918,2025-12-01,145
Kerala,Pathanamthitta,2026-01-01,53.1064453125,37.583211731187646,68.62967889381235,2025-12-01,54
Kerala,Thiruvananthapuram,2026-01-01,161.14599609375,81.88894790637097,240.40304428112904,2025-12-01,137
Kerala,Thrissur,2026-01-01,172.849609375,117.66798379822296,228.03123495177704,2025-12-01,164
Kerala,Wayanad,2026-01-01,46.53662109375,29.60490543769675,63.46833674980325,2025-12-01,43
Ladakh,Kargil,2026-01-01,13.2177734375,0.0,30.30560942056893,2025-12-01,14
Ladakh,Leh,2026-01-01,2.31640625,0.0,6.8754177108630214,2025-12-01,1
Lakshadweep,Lakshadweep,2026-01-01,5.7939453125,0.10930323191790414,11.478587393082096,2025-12-01,4
Madhya Pradesh,Agar Malwa,2026-01-01,73.228515625,31.667314662242838,114.78971658775717,2025-12-01,64
Madhya Pradesh,Alirajpur,2026-01-01,110.3818359375,0.0,264.90931722316475,2025-12-01,110
Madhya Pradesh,Anuppur,2026-01-01,81.4306640625,30.91327041877146,131.94805770622855,2025-12-01,64
Madhya Pradesh,Ashok Nagar,2026-01-01,186.666015625,83.46144060040034,289.87059064959965,2025-12-01,175
Madhya Pradesh,Ashoknagar,2025-02-01,3011.0,3011.0,3011.0,2025-01-01,3011
Madhya Pradesh,Balaghat,2026-01-01,195.40625,105.56376300331685,285.24873699668314,2025-12-01,168
Madhya Pradesh,Barwani,2026-01-01,258.02734375,0.0,979.4675634883706,2025-12-01,229
Madhya Pradesh,Betul,2026-01-01,194.701171875,67.13198726649173,322.2703564835083,2025-12-01,156
Madhya Pradesh,Bhind,2026-01-01,201.65771484375,0.0,591.6497495251361,2025-12-01,152
Madhya Pradesh,Bhopal,2026-01-01,331.66259765625,144.4107026450328,518.9144926674671,2025-12-01,287
Madhya Pradesh,Burhanpur,2026-01-01,103.38720703125,0.0,448.7803182563629,2025-12-01,96
Madhya Pradesh,Chhatarpur,2026-01-01,343.99853515625,10.15895796950565,677.8381123429944,2025-12-01,301
Madhya Pradesh,Chhindwara,2026-01-01,244.55224609375,112.83433955107972,376.2701526364203,2025-12-01,201
Madhya Pradesh,Damoh,2026-01-01,196.6689453125,131.30442061454832,262.03347001045165,2025-12-01,204
Madhya Pradesh,Datia,2026-01-01,202.30322265625,117.39028674513277,287.21615856736724,2025-12-01,207
Madhya Pradesh,Dewas,2026-01-01,226.4853515625,53.27793133986651,399.69277178513346,2025-12-01,183
Madhya Pradesh,Dhar,2026-01-01,268.96142578125,70.73990296184854,467.18294860065146,2025-12-01,241
Madhya Pradesh,Dindori,2026-01-01,57.97509765625,28.739794987119048,87.21040032538096,2025-12-01,56
Madhya Pradesh,East Nimar,2026-01-01,95.033203125,36.36374272571396,153.70266352428604,2025-12-01,77
Madhya Pradesh,Guna,2026-01-01,281.1162109375,150.12935404060258,412.1030678343974,2025-12-01,267
Madhya Pradesh,Gwalior,2026-01-01,373.10791015625,0.0,810.847950214697,2025-12-01,387
Madhya Pradesh,Harda,2026-01-01,80.13427734375,32.25531645894038,128.01323822855963,2025-12-01,94
Madhya Pradesh,Harda *,2026-01-01,20.61279296875,11.140907858075769,30.08467807942423,2025-12-01,21
Madhya Pradesh,Hoshangabad,2026-01-01,233.89404296875,129.0556776130211,338.7324083244789,2025-12-01,269
Madhya Pradesh,Indore,2026-01-01,398.6259765625,0.0,814.5256569986742,2025-12-01,347
Madhya Pradesh,Jabalpur,2026-01-01,356.826171875,259.091884418656,454.560459331344,2025-12-01,362
Madhya Pradesh,Jhabua,2026-01-01,261.7734375,0.0,570.656845722029,2025-12-01,216
Madhya Pradesh,Katni,2026-01-01,329.78125,161.04659537647774,498.51590462352226,2025-12-01,363
Madhya Pradesh,Khandwa,2026-01-01,101.4990234375,26.84184710418127,176.15619977081872,2025-12-01,100
Madhya Pradesh,Khargone,2026-01-01,237.0234375,0.0,610.745373294839,2025-12-01,194
Madhya Pradesh,Maihar,2026-01-01,10.64794921875,2.3345431196007453,18.961355317899255,2025-12-01,8
Madhya Pradesh,Mandla,2026-01-01,112.9130859375,54.94253781288331,170.8836340621167,2025-12-01,94
Madhya Pradesh,Mandsaur,2026-01-01,238.23681640625,123.54102830179049,352.9326045107095,2025-12-01,202
Madhya Pradesh,Mauganj,2026-01-01,12.1220703125,0.0,27.86833957821593,2025-12-01,18
Madhya Pradesh,Morena,2026-01-01,352.23291015625,0.0,941.0997035436224,2025-12-01,318
Madhya Pradesh,Narmadapuram,2026-01-01,27.9736328125,11.72252350710636,44.22474211789364,2025-12-01,34
Madhya Pradesh,Narsimhapur,2026-01-01,36.919921875,15.12269301280698,58.71715073719302,2025-12-01,31
Madhya Pradesh,Narsinghpur,2026-01-01,154.32666015625,74.77134484411732,233.88197546838268,2025-12-01,162
Madhya Pradesh,Neemuch,2026-01-01,166.99853515625,65.31874035821379,268.6783299542862,2025-12-01,139
Madhya Pradesh,Niwari,2026-01-01,4.7880859375,0.0,13.773388392541163,2025-12-01,2
Madhya Pradesh,Pandhurna,2026-01-01,1.6875,0.0,3.5553748492145183,2025-12-01,1
Madhya Pradesh,Panna,2026-01-01,280.72216796875,160.5138722768355,400.9304636606645,2025-12-01,302
Madhya Pradesh,Raisen,2026-01-01,240.998046875,135.68309876309633,346.3129949869037,2025-12-01,273
Madhya Pradesh,Rajgarh,2026-01-01,267.95703125,122.74379560035496,413.17026689964507,2025-12-01,320
Madhya Pradesh,Ratlam,2026-01-01,279.505859375,157.34892025025053,401.66279849974944,2025-12-01,250
Madhya Pradesh,Rewa,2026-01-01,288.26953125,160.22154697909522,416.31751552090475,2025-12-01,258
Madhya Pradesh,Sagar,2026-01-01,336.79541015625,194.81383121365064,478.77698909884936,2025-12-01,319
Madhya Pradesh,Satna,2026-01-01,371.42041015625,233.26361864464056,509.5772016678594,2025-12-01,334
Madhya Pradesh,Sehore,2026-01-01,122.98681640625,29.090275871927744,216.88335694057224,2025-12-01,124
Madhya Pradesh,Seoni,2026-01-01,200.62890625,111.37348027415655,289.8843322258434,2025-12-01,176
Madhya Pradesh,Shahdol,2026-01-01,145.2607421875,105.29497993785313,185.22650443714687,2025-12-01,144
Madhya Pradesh,Shajapur,2026-01-01,239.17529296875,151.44791753722433,326.9026684002757,2025-12-01,224
Madhya Pradesh,Sheopur,2026-01-01,149.16796875,0.0,310.60232599784047,2025-12-01,163
Madhya Pradesh,Shivpuri,2026-01-01,335.517578125,157.8469735172342,513.1881827327658,2025-12-01,339
Madhya Pradesh,Sidhi,2026-01-01,170.40673828125,113.41593047174,227.39754609076,2025-12-01,158
Madhya Pradesh,Singrauli,2026-01-01,144.71044921875,78.56755997954342,210.85333845795657,2025-12-01,127
Madhya Pradesh,Tikamgarh,2026-01-01,218.0693359375,147.83278478831448,288.3058870866855,2025-12-01,206
Madhya Pradesh,Ujjain,2026-01-01,478.20556640625,302.58608478580186,653.8250480266981,2025-12-01,450
Madhya Pradesh,Umaria,2026-01-01,139.7119140625,35.50272552589489,243.9211025991051,2025-12-01,101
Madhya Pradesh,Vidisha,2026-01-01,243.5068359375,52.79715125899355,434.21652061600645,2025-12-01,227
Madhya Pradesh,West Nimar,2026-01-01,21.64599609375,10.612531851503071,32.67946033599693,2025-12-01,25
Maharashtra,Ahmadnagar,2026-01-01,293.466796875,186.863199269909,400.070394480091,2025-12-01,274
Maharashtra,Ahmed Nagar,2026-01-01,6.279296875,3.6174349501954484,8.941158799804551,2025-12-01,7
Maharashtra,Ahmednagar,2025-02-01,368.0,368.0,368.0,2025-01-01,368
Maharashtra,Akola,2026-01-01,125.82470703125,80.55788292473727,171.09153113776273,2025-12-01,126
Maharashtra,Amravati,2026-01-01,175.8046875,92.37496218809106,259.23441281190895,2025-12-01,163
Maharashtra,Aurangabad,2026-01-01,400.80712890625,130.55241111261375,671.0618466998862,2025-12-01,382
Maharashtra,Beed,2026-01-01,234.8369140625,15.82063668961456,453.85319143538544,2025-12-01,236
Maharashtra,Bhandara,2026-01-01,59.99658203125,36.98346734375325,83.00969671874675,2025-12-01,63
Maharashtra,Bid,2026-01-01,18.6982421875,0.0,37.551770018967794,2025-12-01,13
Maharashtra,Buldana,2026-01-01,33.6142578125,22.044417137094648,45.18409848790535,2025-12-01,33
Maharashtra,Buldhana,2026-01-01,170.2509765625,63.759779987994364,276.74217313700564,2025-12-01,159
Maharashtra,Chandrapur,2026-01-01,99.2666015625,39.23749058862791,159.2957125363721,2025-12-01,93
Maharashtra,Chatrapati Sambhaji Nagar,2026-01-01,6.9677734375,0.0,14.42605400520275,2025-12-01,10
Maharashtra,Chhatrapati Sambhajinagar,2026-01-01,19.9052734375,0.5711949287817646,39.239351946218235,2025-12-01,13
Maharashtra,Dharashiv,2026-01-01,6.8447265625,2.0026929534531357,11.686760171546865,2025-12-01,8
Maharashtra,Dhule,2026-01-01,300.375,55.4758779921209,545.2741220078791,2025-12-01,305
Maharashtra,Gadchiroli,2026-01-01,75.3564453125,41.162982301680806,109.54990832331919,2025-12-01,66
Maharashtra,Gondia,2026-01-01,1.640625,0.48878852459713906,2.792461475402861,2025-12-01,2
Maharashtra,Gondiya,2026-01-01,84.298828125,61.51462085854733,107.08303539145267,2025-12-01,85
Maharashtra,Gondiya *,2025-12-01,1.9453125,0.0,4.781086350449252,2025-11-01,1
Maharashtra,Hingoli,2026-01-01,119.58837890625,0.0,373.4806344518642,2025-12-01,119
Maharashtra,Jalgaon,2026-01-01,375.64990234375,192.27414710726796,559.0256575802321,2025-12-01,358
Maharashtra,Jalna,2026-01-01,184.52099609375,99.02556612120696,270.01642606629304,2025-12-01,163
Maharashtra,Kolhapur,2026-01-01,209.9677734375,126.5190968268632,293.41645004813677,2025-12-01,189
Maharashtra,Latur,2026-01-01,216.35205078125,101.78742200193552,330.9166795605645,2025-12-01,195
Maharashtra,Mumbai,2026-01-01,391.2412109375,243.80323030393146,538.6791915710685,2025-12-01,378
Maharashtra,Mumbai City,2026-01-01,78.21875,48.2341656615436,108.2033343384564,2025-12-01,76
Maharashtra,Mumbai Suburban,2026-01-01,295.40966796875,0.0,707.1601187832648,2025-12-01,278
Maharashtra,Mumbai( Sub Urban ),2026-01-01,10.81103515625,0.0,22.308985154602457,2025-12-01,10
Maharashtra,Nagpur,2026-01-01,303.3310546875,156.53163818183916,450.1304711931608,2025-12-01,295
Maharashtra,Nanded,2026-01-01,255.98046875,55.198755511293456,456.7621819887065,2025-12-01,240
Maharashtra,Nandurbar,2026-01-01,207.744140625,0.0,423.7495139192756,2025-12-01,187
Maharashtra,Nandurbar *,2026-01-01,4.26708984375,1.4229674092030353,7.111212278296964,2025-12-01,5
Maharashtra,Nashik,2026-01-01,577.49169921875,287.3433264603931,867.6400719771069,2025-12-01,575
Maharashtra,Osmanabad,2026-01-01,116.8681640625,75.85195120974619,157.88437691525382,2025-12-01,117
Maharashtra,Palghar,2026-01-01,266.9931640625,125.2780329090769,408.7082952159231,2025-12-01,252
Maharashtra,Parbhani,2026-01-01,167.88134765625,102.59071803386189,233.1719772786381,2025-12-01,172
Maharashtra,Pune,2026-01-01,765.03369140625,395.84341796570715,1134.2239648467928,2025-12-01,768
Maharashtra,Raigad,2026-01-01,56.2236328125,0.0,135.3958997939672,2025-12-01,54
Maharashtra,Raigarh,2026-01-01,158.04345703125,110.00131385835212,206.08560020414788,2025-12-01,156
Maharashtra,Raigarh(MH),2026-01-01,2.875,1.204118764674131,4.545881235325869,2025-12-01,3
Maharashtra,Ratnagiri,2026-01-01,69.68408203125,31.583798159977142,107.78436590252286,2025-12-01,62
Maharashtra,Sangli,2026-01-01,192.0859375,66.86106291850935,317.31081208149067,2025-12-01,187
Maharashtra,Satara,2026-01-01,130.12939453125,58.49707151120414,201.76171755129587,2025-12-01,129
Maharashtra,Sindhudurg,2026-01-01,36.36474609375,27.48457204421318,45.24492014328682,2025-12-01,38
Maharashtra,Solapur,2026-01-01,281.52978515625,147.61278071528568,415.4467895972143,2025-12-01,261
Maharashtra,Thane,2026-01-01,770.15869140625,0.0,1716.9535807681987,2025-12-01,732
Maharashtra,Wardha,2026-01-01,58.5439453125,26.657534253678442,90.43035637132155,2025-12-01,56
Maharashtra,Washim,2026-01-01,53.810546875,0.0,118.12792137468236,2025-12-01,39
Maharashtra,Washim *,2026-01-01,1.5,0.0,3.582966210790304,2025-12-01,1
Maharashtra,Yavatmal,2026-01-01,173.75048828125,64.65248790641627,282.84848865608376,2025-12-01,155
Manipur,Bishnupur,2026-01-01,24.8115234375,1.8724809753260772,47.75056589967392,2025-12-01,18
Manipur,Chandel,2026-01-01,12.40771484375,1.0626627388645637,23.752766948635436,2025-12-01,10
Manipur,Churachandpur,2026-01-01,40.35791015625,0.0,196.340220403105,2025-12-01,29
Manipur,Imphal East,2026-01-01,28.0693359375,12.002136734746905,44.136535140253095,2025-12-01,24
Manipur,Imphal West,2026-01-01,27.24755859375,7.780352476404222,46.71476471109578,2025-12-01,21
Manipur,Jiribam,2026-01-01,2.1318359375,0.0,8.135527189723732,2025-12-01,1
Manipur,Kakching,2026-01-01,2.2509765625,0.0,5.591068496611545,2025-12-01,1
Manipur,Pherzawl,2025-11-01,1.0,1.0,1.0,2025-10-01,1
Manipur,Senapati,2026-01-01,32.09521484375,1.516592675019485,62.67383701248052,2025-12-01,21
Manipur,Tamenglong,2026-01-01,35.47900390625,15.08088252696832,55.877125285531676,2025-12-01,38
Manipur,Thoubal,2026-01-01,28.23486328125,15.792210641428657,40.67751592107135,2025-12-01,28
Manipur,Ukhrul,2026-01-01,23.70458984375,0.0,48.96160111926753,2025-12-01,22
Meghalaya,East Garo Hills,2026-01-01,50.59326171875,0.0,303.9596353279702,2025-12-01,56
Meghalaya,East Jaintia Hills,2026-01-01,33.40234375,0.0,261.63354619278095,2025-12-01,24
Meghalaya,East Khasi Hills,2026-01-01,280.6162109375,0.0,1479.329615233657,2025-12-01,323
Meghalaya,Eastern West Khasi Hills,2026-01-01,7.33642578125,0.48014418138959325,14.192707381110406,2025-12-01,10
Meghalaya,Kamrup,2025-02-01,143.0,143.0,143.0,2025-01-01,143
Meghalaya,North Garo Hills,2026-01-01,24.689453125,0.0,181.4855187061374,2025-12-01,19
Meghalaya,Ri Bhoi,2026-01-01,88.5029296875,0.0,473.0150382580131,2025-12-01,85
Meghalaya,South Garo Hills,2026-01-01,50.650390625,0.0,289.1286851153884,2025-12-01,57
Meghalaya,South West Garo Hills,2026-01-01,46.546875,0.0,349.9934942700378,2025-12-01,38
Meghalaya,South West Khasi Hills,2026-01-01,43.7119140625,0.0,195.61021594997538,2025-12-01,66
Meghalaya,West Garo Hills,2026-01-01,123.6630859375,0.0,804.7486879792484,2025-12-01,140
Meghalaya,West Jaintia Hills,2026-01-01,78.4716796875,0.0,568.6979023497015,2025-12-01,74
Meghalaya,West Khasi Hills,2026-01-01,135.025390625,0.0,834.0929180543392,2025-12-01,191
Mizoram,Aizawl,2026-01-01,29.025390625,6.955319906554475,51.09546134344552,2025-12-01,32
Mizoram,Champhai,2026-01-01,14.0380859375,0.0,54.60271643024116,2025-12-01,17
Mizoram,Khawzawl,2025-12-01,2.5,0.0,6.102509389341442,2025-11-01,4
Mizoram,Kolasib,2026-01-01,6.251953125,0.0,13.399727649165435,2025-12-01,6
Mizoram,Lawngtlai,2026-01-01,25.8115234375,0.0,77.15070213080573,2025-12-01,21
Mizoram,Lunglei,2026-01-01,22.294921875,0.0,50.31905267867864,2025-12-01,25
Mizoram,Mamit,2026-01-01,1.3984375,0.0,3.327725031841095,2025-12-01,1
Mizoram,Mammit,2026-01-01,1.26953125,0.1578574568321769,2.381205043167823,2025-12-01,1
Mizoram,Saiha,2026-01-01,9.84814453125,0.0,32.26663703141851,2025-12-01,8
Mizoram,Saitual,2025-09-01,1.25,0.17646378728987422,2.323536212710126,2025-08-01,1
Mizoram,Serchhip,2026-01-01,1.703125,0.0,5.045959198558389,2025-12-01,1
Nagaland,Chumukedima,2026-01-01,6.4873046875,0.0,15.669857188389157,2025-12-01,9
Nagaland,Dimapur,2026-01-01,27.24462890625,0.0,152.1497840900443,2025-12-01,29
Nagaland,Kiphire,2026-01-01,14.52978515625,0.0,35.7064060599399,2025-12-01,17
Nagaland,Kohima,2026-01-01,14.8125,0.0,64.85028851007493,2025-12-01,10
Nagaland,Longleng,2026-01-01,4.81640625,0.0,43.88331199873863,2025-12-01,5
Nagaland,Meluri,2026-01-01,2.25,0.0,4.871008337621678,2025-12-01,2
Nagaland,Mokokchung,2026-01-01,7.38671875,0.0,19.99556335148023,2025-12-01,8
Nagaland,Mon,2026-01-01,33.3837890625,0.0,99.62039077887607,2025-12-01,41
Nagaland,Niuland,2025-12-01,3.0,0.0,7.810404410050707,2025-11-01,5
Nagaland,Noklak,2026-01-01,7.6865234375,0.0,19.836368160320195,2025-12-01,7
Nagaland,Peren,2026-01-01,7.57275390625,0.0,70.73963936164301,2025-12-01,5
Nagaland,Phek,2026-01-01,26.26806640625,0.0,62.167644763870996,2025-12-01,35
Nagaland,Shamator,2026-01-01,3.42919921875,0.0,7.30240890307406,2025-12-01,3
Nagaland,Tseminyu,2026-01-01,1.5,0.2603871572139953,2.7396128427860047,2025-12-01,1
Nagaland,Tuensang,2026-01-01,13.50146484375,0.0,68.66269898647622,2025-12-01,11
Nagaland,Wokha,2026-01-01,6.77294921875,0.0,22.675327438562512,2025-12-01,8
Nagaland,Zunheboto,2026-01-01,10.70947265625,0.0,30.37416902606132,2025-12-01,11
Odisha,ANUGUL,2025-06-01,1.0,1.0,1.0,2025-05-01,1
Odisha,Angul,2026-01-01,93.07958984375,65.48678309218325,120.67239659531675,2025-12-01,88
Odisha,Anugul,2026-01-01,5.8720703125,0.0,11.958166702140995,2025-12-01,8
Odisha,Balangir,2026-01-01,134.693359375,78.51918574669602,190.86753300330398,2025-12-01,121
Odisha,Baleshwar,2026-01-01,23.1748046875,6.13391609680982,40.21569327819018,2025-12-01,20
Odisha,Baleswar,2026-01-01,194.6162109375,126.88140783257252,262.3510140424275,2025-12-01,179
Odisha,Bargarh,2026-01-01,165.3876953125,109.16323693296546,221.61215369203455,2025-12-01,174
Odisha,Baudh,2026-01-01,8.63330078125,2.8130330050121035,14.453568557487896,2025-12-01,10
Odisha,Bhadrak,2026-01-01,142.19091796875,95.94889601361737,188.43293992388263,2025-12-01,133
Odisha,Boudh,2026-01-01,47.67724609375,28.62610652693837,66.72838566056163,2025-12-01,46
Odisha,Cuttack,2026-01-01,155.03759765625,114.36673592872395,195.70845938377605,2025-12-01,153
Odisha,Debagarh,2026-01-01,26.30078125,14.279456685665831,38.322105814334165,2025-12-01,24
Odisha,Dhenkanal,2026-01-01,84.0146484375,56.21401498343705,111.81528189156295,2025-12-01,84
Odisha,Gajapati,2026-01-01,61.38720703125,35.303550826152254,87.47086323634775,2025-12-01,54
Odisha,Ganjam,2026-01-01,206.6455078125,123.12728827203814,290.16372735296187,2025-12-01,182
Odisha,JAJPUR,2026-01-01,65.75048828125,36.16162312641701,95.33935343608299,2025-12-01,60
Odisha,Jagatsinghapur,2026-01-01,57.01904296875,42.552666067812844,71.48541986968715,2025-12-01,57
Odisha,Jagatsinghpur,2026-01-01,14.67333984375,8.034887768374917,21.311791919125085,2025-12-01,13
Odisha,Jajapur,2026-01-01,55.9755859375,23.78658967567639,88.1645821993236,2025-12-01,49
Odisha,Jajpur,2026-01-01,1.0,1.0,1.0,2025-12-01,1
Odisha,Jharsuguda,2026-01-01,32.53955078125,19.85383328645488,45.22526827604512,2025-12-01,29
Odisha,Kalahandi,2026-01-01,140.35009765625,102.58838847196135,178.11180684053863,2025-12-01,145
Odisha,Kandhamal,2026-01-01,100.70361328125,58.49249984220705,142.91472672029295,2025-12-01,89
Odisha,Kendrapara,2026-01-01,119.30615234375,72.43671657494315,166.17558811255685,2025-12-01,124
Odisha,Kendujhar,2026-01-01,161.7265625,107.42833062802136,216.02479437197866,2025-12-01,149
Odisha,Khorda,2026-01-01,120.9072265625,72.05677340929807,169.75767971570193,2025-12-01,108
Odisha,Khordha,2026-01-01,11.54931640625,5.979179895933064,17.119452916566935,2025-12-01,11
Odisha,Koraput,2026-01-01,140.07861328125,93.78994570264653,186.36728085985345,2025-12-01,136
Odisha,Malkangiri,2026-01-01,142.5322265625,100.07682896648517,184.98762415851485,2025-12-01,141
Odisha,Mayurbhanj,2026-01-01,279.94140625,171.50111418361905,388.38169831638095,2025-12-01,265
Odisha,NUAPADA,2025-11-01,2.2109375,0.6047174442147831,3.817157555785217,2025-10-01,2
Odisha,Nabarangapur,2026-01-01,180.498046875,81.81593071124051,279.1801630387595,2025-12-01,149
Odisha,Nabarangpur,2025-02-01,442.0,442.0,442.0,2025-01-01,442
Odisha,Nayagarh,2026-01-01,59.34130859375,15.469141367847065,103.21347581965293,2025-12-01,47
Odisha,Nuapada,2026-01-01,60.24658203125,28.858098185013883,91.63506587748611,2025-12-01,51
Odisha,Puri,2026-01-01,93.107421875,39.70281465331599,146.51202909668402,2025-12-01,76
Odisha,Rayagada,2026-01-01,88.2373046875,32.40725938429109,144.06734999070892,2025-12-01,70
Odisha,Sambalpur,2026-01-01,62.125,10.783937346543397,113.4660626534566,2025-12-01,45
Odisha,Sonapur,2026-01-01,56.552734375,34.91307745192124,78.19239129807876,2025-12-01,56
Odisha,Subarnapur,2026-01-01,13.48583984375,6.753716705466274,20.217962982033725,2025-12-01,12
Odisha,Sundargarh,2026-01-01,15.8681640625,0.0,32.26404891001221,2025-12-01,10
Odisha,Sundergarh,2026-01-01,114.77392578125,78.28939115944056,151.25846040305944,2025-12-01,111
Odisha,jajpur,2026-01-01,2.125,0.0,4.367914770263611,2025-12-01,3
Orissa,Anugul,2026-01-01,2.890625,0.10383049919022769,5.677419500809773,2025-12-01,4
Orissa,Balangir,2026-01-01,10.681640625,1.962637594652671,19.40064365534733,2025-12-01,10
Orissa,Baleshwar,2026-01-01,14.359375,6.756937588208692,21.961812411791307,2025-12-01,16
Orissa,Bargarh,2026-01-01,4.69921875,3.3254606637748503,6.07297683622515,2025-12-01,5
Orissa,Baudh,2025-09-01,1.0,1.0,1.0,2025-08-01,1
Orissa,Bhadrak,2026-01-01,11.3388671875,3.7948851163974293,18.88284925860257,2025-12-01,11
Orissa,Cuttack,2026-01-01,7.10546875,4.8705449795503535,9.340392520449647,2025-12-01,7
Orissa,Debagarh,2026-01-01,1.0,1.0,1.0,2025-12-01,1
Orissa,Dhenkanal,2026-01-01,3.8466796875,1.1472333136024853,6.546126061397515,2025-12-01,4
Orissa,Gajapati,2025-06-01,1.25,0.17646378728987422,2.323536212710126,2025-05-01,1
Orissa,Ganjam,2026-01-01,9.18359375,4.832373848221282,13.534813651778718,2025-12-01,10
Orissa,Jagatsinghapur,2026-01-01,1.75,0.4054510924827306,3.0945489075172694,2025-12-01,2
Orissa,Jajapur,2026-01-01,2.8564453125,0.0,9.02959938435884,2025-12-01,1
Orissa,Jharsuguda,2026-01-01,1.0,1.0,1.0,2025-12-01,1
Orissa,Kalahandi,2026-01-01,1.125,0.32955413908484077,1.9204458609151591,2025-12-01,1
Orissa,Kandhamal,2026-01-01,1.375,0.21058648945943115,2.5394135105405686,2025-12-01,1
Orissa,Kendrapara,2026-01-01,1.228515625,0.22060030371500328,2.2364309462849965,2025-12-01,1
Orissa,Kendrapara *,2025-06-01,1.0,1.0,1.0,2025-05-01,1
Orissa,Kendujhar,2026-01-01,1.953125,0.0,5.27948221288203,2025-12-01,1
Orissa,Khordha,2026-01-01,15.10791015625,2.8386509224530787,27.377169390046923,2025-12-01,11
Orissa,Koraput,2026-01-01,2.5576171875,0.0,8.611432278368225,2025-12-01,2
Orissa,Malkangiri,2025-11-01,1.53125,0.0,3.2793444395443894,2025-10-01,1
Orissa,Mayurbhanj,2025-12-01,1.96875,1.2375658320278446,2.699934167972155,2025-11-01,2
Orissa,Nayagarh,2026-01-01,2.0302734375,0.05398234031250704,4.006564534687493,2025-12-01,2
Orissa,Puri,2026-01-01,6.8193359375,4.838046624371685,8.800625250628315,2025-12-01,7
Orissa,Rayagada,2026-01-01,5.16015625,3.1116036612540188,7.208708838745981,2025-12-01,5
Orissa,Sambalpur,2026-01-01,2.0,0.0,4.771858582251266,2025-12-01,3
Orissa,Sonapur,2026-01-01,1.0,1.0,1.0,2025-12-01,1
Orissa,Subarnapur,2025-11-01,1.0,1.0,1.0,2025-10-01,1
Orissa,Sundargarh,2026-01-01,2.7314453125,0.1294209464503,5.3334696785497,2025-12-01,3
Orissa,Sundergarh,2026-01-01,1.0,1.0,1.0,2025-12-01,1
Pondicherry,Karaikal,2026-01-01,6.921875,3.2855507392750862,10.558199260724914,2025-12-01,8
Pondicherry,Pondicherry,2026-01-01,41.35791015625,21.50704936505051,61.208770947449494,2025-12-01,45
Pondicherry,Yanam,2025-12-01,1.0,1.0,1.0,2025-11-01,1
Puducherry,Karaikal,2026-01-01,14.74755859375,6.3380272003475735,23.157089987152425,2025-12-01,18
Puducherry,Pondicherry,2025-06-01,1.0,1.0,1.0,2025-05-01,1
Puducherry,Puducherry,2026-01-01,42.02880859375,15.854732155356828,68.20288503214317,2025-12-01,46
Puducherry,Yanam,2025-11-01,1.25,0.17646378728987422,2.323536212710126,2025-10-01,1
Punjab,Amritsar,2026-01-01,164.13623046875,0.0,390.9625336584635,2025-12-01,144
Punjab,Barnala,2026-01-01,26.7587890625,11.902015352468654,41.61556277253135,2025-12-01,23
Punjab,Bathinda,2026-01-01,81.81884765625,51.27689866993741,112.36079664256259,2025-12-01,74
Punjab,Faridkot,2026-01-01,29.20703125,13.7847751525568,44.629287347443196,2025-12-01,25
Punjab,Fatehgarh Sahib,2026-01-01,32.8544921875,21.73209477670938,43.97688959829062,2025-12-01,31
Punjab,Fazilka,2026-01-01,55.9677734375,28.350716030996562,83.58483084400343,2025-12-01,56
Punjab,Ferozepur,2026-01-01,43.91943359375,9.14963919709907,78.68922799040092,2025-12-01,34
Punjab,Firozpur,2026-01-01,11.501953125,3.974929250914534,19.028976999085465,2025-12-01,10
Punjab,Gurdaspur,2026-01-01,118.48876953125,38.818640842401905,198.15889822009808,2025-12-01,107
Punjab,Hoshiarpur,2026-01-01,83.97607421875,8.088393587053645,159.86375485044636,2025-12-01,78
Punjab,Jalandhar,2026-01-01,113.46484375,62.08166899407327,164.84801850592675,2025-12-01,103
Punjab,Kapurthala,2026-01-01,60.12548828125,0.0,168.56717861855623,2025-12-01,56
Punjab,Ludhiana,2026-01-01,249.4931640625,0.0,751.1936747797907,2025-12-01,213
Punjab,Malerkotla,2026-01-01,27.3427734375,19.42989123225103,35.25565564274897,2025-12-01,27
Punjab,Mansa,2026-01-01,27.94921875,15.445132283811262,40.45330521618874,2025-12-01,25
Punjab,Moga,2026-01-01,51.416015625,30.237443555273842,72.59458769472616,2025-12-01,46
Punjab,Muktsar,2026-01-01,13.73388671875,5.7205512372015725,21.747222200298427,2025-12-01,15
Punjab,Nawanshahr,2026-01-01,3.5234375,0.0,10.992465131403733,2025-12-01,1
Punjab,Pathankot,2026-01-01,32.80126953125,13.052478818365365,52.550060244134635,2025-12-01,27
Punjab,Patiala,2026-01-01,114.6064453125,25.248990480162703,203.96390014483728,2025-12-01,113
Punjab,Rupnagar,2026-01-01,39.56005859375,18.61264926177715,60.50746792572285,2025-12-01,35
Punjab,S.A.S Nagar,2025-02-01,705.0,705.0,705.0,2025-01-01,705
Punjab,S.A.S Nagar(Mohali),2026-01-01,8.46728515625,4.6049604793713215,12.329609833128679,2025-12-01,9
Punjab,SAS Nagar (Mohali),2026-01-01,88.96435546875,60.35268141394549,117.57602952355451,2025-12-01,90
Punjab,Sangrur,2026-01-01,65.45166015625,7.587973631820901,123.3153466806791,2025-12-01,45
Punjab,Shaheed Bhagat Singh Nagar,2026-01-01,31.1201171875,14.316242888416017,47.923991486583986,2025-12-01,28
Punjab,Sri Muktsar Sahib,2026-01-01,46.7333984375,31.333944713614816,62.13285216138519,2025-12-01,44
Punjab,Tarn Taran,2026-01-01,70.14306640625,32.98657796605523,107.29955484644478,2025-12-01,68
Rajasthan,Ajmer,2026-01-01,369.474609375,189.13122004216078,549.8179987078393,2025-12-01,392
Rajasthan,Alwar,2026-01-01,540.4052734375,192.30389191267676,888.5066549623232,2025-12-01,533
Rajasthan,Banswara,2026-01-01,235.75439453125,153.25340633186403,318.255382730636,2025-12-01,228
Rajasthan,Baran,2026-01-01,195.6943359375,119.29794577316586,272.09072610183415,2025-12-01,207
Rajasthan,Barmer,2026-01-01,499.92919921875,264.6631648146679,735.1952336228321,2025-12-01,491
Rajasthan,Bharatpur,2026-01-01,475.47021484375,261.5249727070843,689.4154569804157,2025-12-01,443
Rajasthan,Bhilwara,2026-01-01,373.58349609375,184.36465843515973,562.8023337523402,2025-12-01,428
Rajasthan,Bikaner,2026-01-01,299.41748046875,50.72817937384542,548.1067815636545,2025-12-01,263
Rajasthan,Bundi,2026-01-01,127.66796875,56.75624625075828,198.5796912492417,2025-12-01,127
Rajasthan,Chittaurgarh,2026-01-01,12.21728515625,5.128742906156324,19.305827406343674,2025-12-01,13
Rajasthan,Chittorgarh,2026-01-01,179.69287109375,76.22306385722754,283.16267833027246,2025-12-01,192
Rajasthan,Churu,2026-01-01,297.83984375,113.35348368206732,482.32620381793265,2025-12-01,285
Rajasthan,Dausa,2026-01-01,196.91650390625,150.67544421776756,243.15756359473244,2025-12-01,196
Rajasthan,Deeg,2026-01-01,1.0,1.0,1.0,2025-12-01,1
Rajasthan,Deeg ,2025-10-01,2.0,2.0,2.0,2025-09-01,2
Rajasthan,Dhaulpur,2026-01-01,1.5,0.0,3.66378244402244,2025-12-01,1
Rajasthan,Dholpur,2026-01-01,224.7861328125,95.43059456866712,354.1416710563329,2025-12-01,210
Rajasthan,Dungarpur,2026-01-01,209.49609375,134.74129474612317,284.2508927538768,2025-12-01,204
Rajasthan,Ganganagar,2026-01-01,161.0888671875,119.7843367855622,202.3933975894378,2025-12-01,160
Rajasthan,Hanumangarh,2026-01-01,127.0029296875,46.21381047920529,207.79204889579472,2025-12-01,116
Rajasthan,Jaipur,2026-01-01,798.97607421875,308.3663608053022,1289.585787632198,2025-12-01,831
Rajasthan,Jaisalmer,2026-01-01,74.4453125,28.923064031353903,119.9675609686461,2025-12-01,67
Rajasthan,Jalor,2026-01-01,388.318359375,205.67194345047366,570.9647752995263,2025-12-01,426
Rajasthan,Jalore,2026-01-01,245.5,0.0,923.2194233604346,2025-12-01,1
Rajasthan,Jhalawar,2026-01-01,281.1591796875,139.9512419873773,422.36711738762267,2025-12-01,326
Rajasthan,Jhunjhunu,2026-01-01,10.68994140625,3.904838049824277,17.475044762675722,2025-12-01,13
Rajasthan,Jhunjhunun,2026-01-01,233.32275390625,134.73985879392416,331.90564901857584,2025-12-01,212
Rajasthan,Jodhpur,2026-01-01,467.5185546875,98.49465666385578,836.5424527111443,2025-12-01,471
Rajasthan,Karauli,2026-01-01,258.8154296875,166.89445854142764,350.73640083357236,2025-12-01,272
Rajasthan,Kota,2026-01-01,208.64697265625,114.58497088778904,302.70897442471096,2025-12-01,203
Rajasthan,Nagaur,2026-01-01,473.5869140625,242.1376317568341,705.0361963681659,2025-12-01,469
Rajasthan,Pali,2026-01-01,332.97900390625,211.30568213369736,454.65232567880264,2025-12-01,333
Rajasthan,Pratapgarh,2026-01-01,143.51513671875,80.47411462141031,206.5561588160897,2025-12-01,130
Rajasthan,Rajsamand,2026-01-01,162.36279296875,101.87066324910515,222.85492268839485,2025-12-01,165
Rajasthan,Sawai Madhopur,2026-01-01,197.1826171875,123.76607639294983,270.5991579820502,2025-12-01,202
Rajasthan,Sikar,2026-01-01,373.2607421875,218.7731843404631,527.7483000345369,2025-12-01,368
Rajasthan,Sirohi,2026-01-01,211.0751953125,0.0,452.12022228957846,2025-12-01,222
Rajasthan,Tonk,2026-01-01,167.35498046875,70.84882099585128,263.86113994164873,2025-12-01,181
Rajasthan,Udaipur,2026-01-01,468.03369140625,282.0270596871056,654.0403231253945,2025-12-01,500
Sikkim,East,2026-01-01,12.10302734375,5.9587796628354806,18.247275024664518,2025-12-01,14
Sikkim,East Sikkim,2026-01-01,8.08935546875,3.2484786805415657,12.930232256958433,2025-12-01,9
Sikkim,Mangan,2025-06-01,1.0,1.0,1.0,2025-05-01,1
Sikkim,Namchi,2025-12-01,1.25,0.2085168946048479,2.291483105395152,2025-11-01,1
Sikkim,North,2025-10-01,2.03125,0.0,5.1200486213213905,2025-09-01,1
Sikkim,North Sikkim,2026-01-01,1.78515625,0.782260438926978,2.7880520610730217,2025-12-01,2
Sikkim,South,2026-01-01,6.498046875,1.13141569731342,11.86467805268658,2025-12-01,8
Sikkim,South Sikkim,2026-01-01,4.3818359375,0.0,27.950330908342238,2025-12-01,4
Sikkim,West,2026-01-01,7.013671875,0.0,14.10366458266971,2025-12-01,5
Sikkim,West Sikkim,2026-01-01,4.29150390625,0.0,21.28887524326367,2025-12-01,5
Tamil Nadu,Ariyalur,2026-01-01,55.3662109375,20.25555546252602,90.47686641247398,2025-12-01,42
Tamil Nadu,Chengalpattu,2026-01-01,23.3818359375,7.431052962490307,39.332618912509695,2025-12-01,21
Tamil Nadu,Chennai,2026-01-01,253.45654296875,204.18577163182806,302.72731430567194,2025-12-01,246
Tamil Nadu,Coimbatore,2026-01-01,251.16455078125,164.09098891626405,338.23811264623595,2025-12-01,275
Tamil Nadu,Cuddalore,2026-01-01,230.75927734375,164.78290454097726,296.73565014652274,2025-12-01,219
Tamil Nadu,Dharmapuri,2026-01-01,155.0263671875,128.07149697859433,181.98123739640567,2025-12-01,161
Tamil Nadu,Dindigul,2026-01-01,191.78759765625,119.41452698731098,264.160668325189,2025-12-01,214
Tamil Nadu,Erode,2026-01-01,180.81201171875,133.37642293259898,228.24760050490102,2025-12-01,193
Tamil Nadu,Kallakurichi,2026-01-01,18.01318359375,0.0,36.21762788406498,2025-12-01,17
Tamil Nadu,Kancheepuram,2026-01-01,336.54931640625,260.2860282966278,412.8126045158722,2025-12-01,346
Tamil Nadu,Kanchipuram,2025-02-01,351.0,351.0,351.0,2025-01-01,351
Tamil Nadu,Kanniyakumari,2026-01-01,56.10791015625,27.36100606206964,84.85481425043037,2025-12-01,47
Tamil Nadu,Kanyakumari,2026-01-01,54.767578125,41.14223550942087,68.39292074057913,2025-12-01,53
Tamil Nadu,Karur,2026-01-01,119.841796875,85.37545082878137,154.30814292121863,2025-12-01,116
Tamil Nadu,Krishnagiri,2026-01-01,148.615234375,85.38856323224533,211.84190551775467,2025-12-01,172
Tamil Nadu,Madurai,2026-01-01,255.84716796875,169.88807166623303,341.80626427126697,2025-12-01,240
Tamil Nadu,Mayiladuthurai,2026-01-01,14.8330078125,6.368051493427242,23.29796413157276,2025-12-01,12
Tamil Nadu,Nagapattinam,2026-01-01,116.18603515625,84.74499240061657,147.62707791188345,2025-12-01,115
Tamil Nadu,Namakkal,2026-01-01,125.5673828125,50.72281801121295,200.41194761378705,2025-12-01,107
Tamil Nadu,Perambalur,2026-01-01,59.22216796875,44.93292914605287,73.51140679144713,2025-12-01,58
Tamil Nadu,Pudukkottai,2026-01-01,196.17138671875,139.95146563888272,252.39130779861728,2025-12-01,183
Tamil Nadu,Ramanathapuram,2026-01-01,93.408203125,63.52208714171214,123.29431910828785,2025-12-01,97
Tamil Nadu,Ranipet,2026-01-01,1.994140625,0.0,5.873235461734884,2025-12-01,1
Tamil Nadu,Salem,2026-01-01,259.611328125,192.05858253271396,327.16407371728604,2025-12-01,247
Tamil Nadu,Sivaganga,2026-01-01,103.91748046875,65.23118887379496,142.60377206370504,2025-12-01,96
Tamil Nadu,Tenkasi,2026-01-01,31.12646484375,11.688711170736454,50.564218516763546,2025-12-01,26
Tamil Nadu,Thanjavur,2026-01-01,195.90869140625,155.24267889062043,236.57470392187957,2025-12-01,195
Tamil Nadu,The Nilgiris,2026-01-01,51.89697265625,22.692120966886403,81.1018243456136,2025-12-01,63
Tamil Nadu,Theni,2026-01-01,86.34912109375,38.707597836112306,133.9906443513877,2025-12-01,69
Tamil Nadu,Thiruvallur,2026-01-01,4.8115234375,0.0,23.276286329664412,2025-12-01,4
Tamil Nadu,Thiruvarur,2026-01-01,125.181640625,91.40492314826112,158.9583581017389,2025-12-01,124
Tamil Nadu,Thoothukkudi,2026-01-01,137.0654296875,100.75998582901259,173.37087354598742,2025-12-01,142
Tamil Nadu,Tiruchirappalli,2026-01-01,327.13037109375,218.75087343541662,435.5098687520834,2025-12-01,324
Tamil Nadu,Tirunelveli,2026-01-01,257.16650390625,199.3737815498579,314.9592262626421,2025-12-01,265
Tamil Nadu,Tirupathur,2026-01-01,1.0,1.0,1.0,2025-12-01,1
Tamil Nadu,Tirupattur,2026-01-01,31.03466796875,21.848615768757384,40.220720168742616,2025-12-01,33
Tamil Nadu,Tiruppur,2026-01-01,172.93896484375,126.2442382139545,219.6336914735455,2025-12-01,189
Tamil Nadu,Tiruvallur,2026-01-01,305.1982421875,218.32574289076058,392.0707414842394,2025-12-01,289
Tamil Nadu,Tiruvannamalai,2026-01-01,217.39599609375,158.7289790882436,276.0630130992564,2025-12-01,235
Tamil Nadu,Tuticorin,2025-04-01,1.0,1.0,1.0,2025-03-01,1
Tamil Nadu,Vellore,2026-01-01,253.61181640625,193.3291965400575,313.8944362724425,2025-12-01,260
Tamil Nadu,Villupuram,2026-01-01,264.78125,127.38793326792413,402.17456673207585,2025-12-01,314
Tamil Nadu,Viluppuram,2026-01-01,202.673828125,101.13033790505008,304.21731834494994,2025-12-01,234
Tamil Nadu,Virudhunagar,2026-01-01,146.62646484375,108.19922683671916,185.05370285078084,2025-12-01,153
Telangana,Adilabad,2026-01-01,103.46875,70.88561705765773,136.05188294234227,2025-12-01,109
Telangana,Bhadradri Kothagudem,2026-01-01,82.33837890625,39.68598835517294,124.99076945732706,2025-12-01,78
Telangana,Hanumakonda,2026-01-01,26.60888671875,8.677348065491586,44.540425372008414,2025-12-01,24
Telangana,Hyderabad,2026-01-01,480.63671875,0.0,1026.8262272091079,2025-12-01,460
Telangana,Jagitial,2026-01-01,53.56982421875,27.059570660125782,80.08007777737421,2025-12-01,61
Telangana,Jangaon,2026-01-01,3.7890625,0.30065816075574636,7.277466839244253,2025-12-01,5
Telangana,Jangoan,2026-01-01,35.26904296875,26.45626131524172,44.08182462225828,2025-12-01,35
Telangana,Jayashankar Bhupalpally,2026-01-01,27.3154296875,13.025765662227926,41.605093712772074,2025-12-01,32
Telangana,Jogulamba Gadwal,2026-01-01,62.52197265625,32.91079244701344,92.13315286548655,2025-12-01,66
Telangana,K.v. Rangareddy,2026-01-01,522.72216796875,263.8317822848878,781.6125536526122,2025-12-01,552
Telangana,Kamareddy,2026-01-01,70.87255859375,31.276108033322117,110.46900915417788,2025-12-01,74
Telangana,Karimnagar,2026-01-01,198.517578125,155.53848573652715,241.49667051347285,2025-12-01,207
Telangana,Khammam,2026-01-01,134.4365234375,84.4036905804917,184.46935629450832,2025-12-01,145
Telangana,Komaram Bheem,2026-01-01,40.23486328125,26.7443460872023,53.7253804752977,2025-12-01,38
Telangana,Mahabubabad,2026-01-01,58.12158203125,40.822976725347445,75.42018733715256,2025-12-01,62
Telangana,Mahabubnagar,2026-01-01,366.3935546875,239.0924820153436,493.6946273596564,2025-12-01,374
Telangana,Mancherial,2026-01-01,40.1748046875,21.981432099061117,58.36817727593888,2025-12-01,42
Telangana,Medak,2026-01-01,241.0791015625,125.11935593274346,357.0388471922565,2025-12-01,259
Telangana,Medchal Malkajgiri,2025-02-01,704.0,704.0,704.0,2025-01-01,704
Telangana,Medchal-malkajgiri,2026-01-01,106.37060546875,40.475452347079525,172.2657585904205,2025-12-01,88
Telangana,Medchal?malkajgiri,2025-11-01,1.0,1.0,1.0,2025-10-01,1
Telangana,Medchal−malkajgiri,2026-01-01,15.10009765625,7.370851509246499,22.8293438032535,2025-12-01,17
Telangana,Mulugu,2026-01-01,35.23095703125,15.999594140148787,54.46231992235121,2025-12-01,42
Telangana,Nagarkurnool,2026-01-01,51.2939453125,26.9067656185388,75.6811250064612,2025-12-01,57
Telangana,Nalgonda,2026-01-01,228.47314453125,139.1246054821404,317.8216835803596,2025-12-01,236
Telangana,Narayanpet,2026-01-01,53.05517578125,33.0144322975041,73.0959192649959,2025-12-01,58
Telangana,Nirmal,2026-01-01,47.89404296875,32.61827328195619,63.16981265554381,2025-12-01,47
Telangana,Nizamabad,2026-01-01,221.1298828125,137.68684431066794,304.57292131433206,2025-12-01,234
Telangana,Peddapalli,2026-01-01,21.59130859375,14.795263814710772,28.387353372789228,2025-12-01,21
Telangana,Rajanna Sircilla,2026-01-01,27.23583984375,18.873516291136934,35.59816339636306,2025-12-01,29
Telangana,Ranga Reddy,2025-02-01,284.0,284.0,284.0,2025-01-01,284
Telangana,Rangareddy,2026-01-01,8.4619140625,3.427188807114991,13.496639317885009,2025-12-01,7
Telangana,Sangareddy,2026-01-01,82.611328125,36.96400405151838,128.25865219848163,2025-12-01,87
Telangana,Siddipet,2026-01-01,63.7763671875,37.68539665696993,89.86733771803007,2025-12-01,62
Telangana,Suryapet,2026-01-01,74.853515625,50.971428440392536,98.73560280960746,2025-12-01,75
Telangana,Vikarabad,2026-01-01,97.859375,40.776286397323666,154.94246360267633,2025-12-01,110
Telangana,Wanaparthy,2026-01-01,61.00830078125,26.742129717328055,95.27447184517195,2025-12-01,69
Telangana,Warangal,2026-01-01,95.67529296875,69.63735349404342,121.71323244345658,2025-12-01,93
Telangana,Warangal (urban),2025-07-01,1.0,1.0,1.0,2025-06-01,1
Telangana,Warangal Rural,2026-01-01,24.103515625,15.24086158333967,32.96616966666033,2025-12-01,27
Telangana,Warangal Urban,2026-01-01,21.98583984375,6.433108261376079,37.53857142612392,2025-12-01,19
Telangana,Yadadri.,2026-01-01,51.75537109375,14.633832539830983,88.87690964766901,2025-12-01,44
The Dadra And Nagar Haveli And Daman And Diu,Dadra And Nagar Haveli,2025-02-01,716.0,716.0,716.0,2025-01-01,716
Tripura,Dhalai,2026-01-01,38.80029296875,25.447792800344967,52.15279313715503,2025-12-01,37
Tripura,Dhalai  *,2025-12-01,4.375,0.05732541219769072,8.692674587802308,2025-11-01,6
Tripura,Gomati,2026-01-01,19.39794921875,0.0,40.916760399205636,2025-12-01,27
Tripura,Khowai,2026-01-01,15.650390625,0.0,38.70703309978117,2025-12-01,25
Tripura,North Tripura,2026-01-01,46.56005859375,22.514031221911853,70.60608596558815,2025-12-01,48
Tripura,Sepahijala,2026-01-01,45.2392578125,21.06613150050123,69.41238412449877,2025-12-01,52
Tripura,South Tripura,2026-01-01,69.82275390625,38.249251739435124,101.39625607306488,2025-12-01,62
Tripura,Unakoti,2026-01-01,19.74951171875,11.826834607140226,27.672188830359772,2025-12-01,20
Tripura,West Tripura,2026-01-01,70.9208984375,42.82570708634229,99.01608978865771,2025-12-01,80
Uttar Pradesh,Agra,2026-01-01,527.09716796875,0.0,1207.0814632096894,2025-12-01,522
Uttar Pradesh,Aligarh,2026-01-01,385.8564453125,0.0,1130.2606796764044,2025-12-01,409
Uttar Pradesh,Allahabad,2026-01-01,425.2392578125,251.940606338348,598.5379092866519,2025-12-01,436
Uttar Pradesh,Ambedkar Nagar,2026-01-01,229.50341796875,153.6166985882123,305.39013734928767,2025-12-01,220
Uttar Pradesh,Amethi,2026-01-01,240.83203125,131.05785733803705,350.606205161963,2025-12-01,264
Uttar Pradesh,Amroha,2026-01-01,186.384765625,49.84647652863541,322.92305472136457,2025-12-01,160
Uttar Pradesh,Auraiya,2026-01-01,118.43896484375,82.24268351964517,154.63524616785483,2025-12-01,117
Uttar Pradesh,Ayodhya,2026-01-01,34.66357421875,0.0,71.36106523778707,2025-12-01,34
Uttar Pradesh,Azamgarh,2026-01-01,529.54150390625,210.25745107422932,848.8255567382707,2025-12-01,594
Uttar Pradesh,Baghpat,2026-01-01,171.029296875,80.90182728691647,261.1567664630835,2025-12-01,166
Uttar Pradesh,Bahraich,2026-01-01,593.32763671875,0.0,1767.2296898058003,2025-12-01,615
Uttar Pradesh,Ballia,2026-01-01,304.89404296875,167.79713072083246,441.99095521666754,2025-12-01,281
Uttar Pradesh,Balrampur,2026-01-01,200.3642578125,0.0,450.22514906920287,2025-12-01,188
Uttar Pradesh,Banda,2026-01-01,188.8837890625,0.0,432.96205372074735,2025-12-01,183
Uttar Pradesh,Bara Banki,2026-01-01,262.6162109375,161.61635560781298,363.616066267187,2025-12-01,250
Uttar Pradesh,Barabanki,2026-01-01,18.03271484375,0.0,113.33819081585231,2025-12-01,18
Uttar Pradesh,Bareilly,2026-01-01,532.23828125,0.0,1178.9693216461515,2025-12-01,556
Uttar Pradesh,Basti,2026-01-01,310.009765625,176.5308798655708,443.4886513844292,2025-12-01,316
Uttar Pradesh,Bhadohi,2026-01-01,16.1630859375,7.783210342098224,24.542961532901778,2025-12-01,14
Uttar Pradesh,Bijnor,2026-01-01,425.0244140625,165.50536059491708,684.5434675300829,2025-12-01,412
Uttar Pradesh,Budaun,2026-01-01,384.36669921875,84.24030277732129,684.4930956601787,2025-12-01,417
Uttar Pradesh,Bulandshahar,2026-01-01,8.00048828125,3.807322607795226,12.193653954704775,2025-12-01,8
Uttar Pradesh,Bulandshahr,2026-01-01,411.916015625,166.3629360920588,657.4690951579412,2025-12-01,426
Uttar Pradesh,Chandauli,2026-01-01,251.14892578125,65.8039121759357,436.4939393865643,2025-12-01,235
Uttar Pradesh,Chitrakoot,2026-01-01,133.79150390625,106.0494100207634,161.5335977917366,2025-12-01,137
Uttar Pradesh,Deoria,2026-01-01,287.22607421875,133.38912699150265,441.0630214459974,2025-12-01,303
Uttar Pradesh,Etah,2026-01-01,161.2861328125,0.0,503.85290211824156,2025-12-01,169
Uttar Pradesh,Etawah,2026-01-01,187.92041015625,77.4020653652794,298.4387549472206,2025-12-01,191
Uttar Pradesh,Faizabad,2026-01-01,229.18896484375,154.64996064250192,303.7279690449981,2025-12-01,228
Uttar Pradesh,Farrukhabad,2026-01-01,182.31494140625,127.15621010695082,237.47367270554918,2025-12-01,182
Uttar Pradesh,Fatehpur,2026-01-01,272.201171875,26.544371400050522,517.8579723499495,2025-12-01,283
Uttar Pradesh,Firozabad,2026-01-01,258.46435546875,0.0,575.2538670358392,2025-12-01,273
Uttar Pradesh,Gautam Buddha Nagar,2026-01-01,273.44677734375,0.0,807.9203237057893,2025-12-01,237
Uttar Pradesh,Ghaziabad,2026-01-01,482.8251953125,0.0,969.2183681866788,2025-12-01,477
Uttar Pradesh,Ghazipur,2026-01-01,408.75146484375,256.8921924491077,560.6107372383923,2025-12-01,418
Uttar Pradesh,Gonda,2026-01-01,353.47705078125,146.26332262827907,560.6907789342209,2025-12-01,334
Uttar Pradesh,Gorakhpur,2026-01-01,407.79443359375,46.58830434640964,769.0005628410904,2025-12-01,376
Uttar Pradesh,Hamirpur,2026-01-01,100.38720703125,41.67502670916149,159.0993873533385,2025-12-01,86
Uttar Pradesh,Hapur,2026-01-01,122.7333984375,0.0,277.52755529894256,2025-12-01,121
Uttar Pradesh,Hardoi,2026-01-01,479.9375,0.0,1088.5757776146459,2025-12-01,518
Uttar Pradesh,Hathras,2026-01-01,180.0830078125,83.99855514640814,276.16746047859186,2025-12-01,178
Uttar Pradesh,Jalaun,2026-01-01,144.9931640625,36.52678651820439,253.4595416067956,2025-12-01,119
Uttar Pradesh,Jaunpur,2026-01-01,409.05908203125,213.0915297139179,605.0266343485821,2025-12-01,426
Uttar Pradesh,Jhansi,2026-01-01,242.4521484375,154.9405806036984,329.96371627130156,2025-12-01,241
Uttar Pradesh,Jyotiba Phule Nagar,2026-01-01,4.43359375,0.0,10.895220953761733,2025-12-01,3
Uttar Pradesh,Kannauj,2026-01-01,191.4970703125,71.1947276068592,311.7994130181408,2025-12-01,199
Uttar Pradesh,Kanpur Dehat,2026-01-01,169.62109375,15.201583457503773,324.0406040424962,2025-12-01,177
Uttar Pradesh,Kanpur Nagar,2026-01-01,512.44189453125,0.0,1056.8399337028393,2025-12-01,486
Uttar Pradesh,Kasganj,2026-01-01,126.75341796875,0.8750357829213158,252.63180015457868,2025-12-01,129
Uttar Pradesh,Kaushambi,2026-01-01,200.01123046875,114.40375468103245,285.61870625646753,2025-12-01,198
Uttar Pradesh,Kheri,2026-01-01,541.11181640625,66.2021992949629,1016.0214335175372,2025-12-01,512
Uttar Pradesh,Kushi Nagar,2025-02-01,1570.0,1570.0,1570.0,2025-01-01,1570
Uttar Pradesh,Kushinagar,2026-01-01,306.03369140625,144.63203067999277,467.4353521325072,2025-12-01,290
Uttar Pradesh,Kushinagar *,2025-07-01,1.0,1.0,1.0,2025-06-01,1
Uttar Pradesh,Lalitpur,2026-01-01,164.41796875,102.46635935748353,226.36957814251647,2025-12-01,186
Uttar Pradesh,Lucknow,2026-01-01,519.525390625,95.25987121517738,943.7909100348227,2025-12-01,513
Uttar Pradesh,Maharajganj,2026-01-01,315.98681640625,0.0,765.686319978766,2025-12-01,293
Uttar Pradesh,Mahoba,2026-01-01,96.06982421875,65.72931539412714,126.41033304337286,2025-12-01,91
Uttar Pradesh,Mahrajganj,2025-06-01,1.0,1.0,1.0,2025-05-01,1
Uttar Pradesh,Mainpuri,2026-01-01,289.12451171875,27.8037193901896,550.4453040473104,2025-12-01,329
Uttar Pradesh,Mathura,2026-01-01,296.47998046875,146.2078354173693,446.7521255201307,2025-12-01,288
Uttar Pradesh,Mau,2026-01-01,232.357421875,168.70555567921525,296.00928807078475,2025-12-01,218
Uttar Pradesh,Meerut,2026-01-01,410.42919921875,0.0,938.7317301929847,2025-12-01,404
Uttar Pradesh,Mirzapur,2026-01-01,279.322265625,162.22549102336126,396.41904022663874,2025-12-01,281
Uttar Pradesh,Moradabad,2026-01-01,350.873046875,0.0,924.4736154558084,2025-12-01,333
Uttar Pradesh,Muzaffarnagar,2026-01-01,285.39892578125,124.21603375339595,446.58181780910405,2025-12-01,278
Uttar Pradesh,Pilibhit,2026-01-01,193.896484375,0.0,603.5936925706742,2025-12-01,168
Uttar Pradesh,Pratapgarh,2026-01-01,326.12646484375,159.77881181741756,492.4741178700824,2025-12-01,312
Uttar Pradesh,Prayagraj,2026-01-01,62.7119140625,0.0,131.4531719702008,2025-12-01,73
Uttar Pradesh,Rae Bareli,2026-01-01,271.42626953125,184.1308765623334,358.7216625001666,2025-12-01,277
Uttar Pradesh,Raebareli,2025-05-01,1.0,1.0,1.0,2025-04-01,1
Uttar Pradesh,Rampur,2026-01-01,268.16259765625,0.0,864.730626054064,2025-12-01,236
Uttar Pradesh,Saharanpur,2026-01-01,347.373046875,0.0,702.5513468380959,2025-12-01,334
Uttar Pradesh,Sambhal,2026-01-01,253.521484375,113.86206843741482,393.1809003125852,2025-12-01,219
Uttar Pradesh,Sant Kabir Nagar,2026-01-01,169.35791015625,111.01328378023322,227.70253653226678,2025-12-01,168
Uttar Pradesh,Sant Ravidas Nagar,2026-01-01,142.09326171875,97.84843423649414,186.33808920100586,2025-12-01,146
Uttar Pradesh,Sant Ravidas Nagar Bhadohi,2025-12-01,2.369140625,0.0,4.900258453578616,2025-11-01,2
Uttar Pradesh,Shahjahanpur,2026-01-01,310.44970703125,0.0,1069.7140228227938,2025-12-01,298
Uttar Pradesh,Shamli,2026-01-01,207.1279296875,155.6455455469999,258.61031382800013,2025-12-01,211
Uttar Pradesh,Shravasti,2025-02-01,2535.0,2535.0,2535.0,2025-01-01,2535
Uttar Pradesh,Shrawasti,2026-01-01,138.03564453125,61.61918941890025,214.45209964359975,2025-12-01,133
Uttar Pradesh,Siddharth Nagar,2025-02-01,4341.0,4341.0,4341.0,2025-01-01,4341
Uttar Pradesh,Siddharthnagar,2026-01-01,341.00341796875,81.58392176406875,600.4229141734313,2025-12-01,338
Uttar Pradesh,Sitapur,2026-01-01,540.0546875,0.0,1338.5400533286638,2025-12-01,521
Uttar Pradesh,Sonbhadra,2026-01-01,157.92333984375,78.14089153879002,237.70578814870998,2025-12-01,139
Uttar Pradesh,Sultanpur,2026-01-01,270.96484375,107.27107830555846,434.6586091944415,2025-12-01,254
Uttar Pradesh,Unnao,2026-01-01,326.8623046875,0.0,768.1961939185501,2025-12-01,288
Uttar Pradesh,Varanasi,2026-01-01,398.24462890625,0.0,956.2653771181672,2025-12-01,367
Uttarakhand,Almora,2026-01-01,33.67626953125,4.361835907449578,62.990703155050426,2025-12-01,25
Uttarakhand,Bageshwar,2026-01-01,18.21728515625,0.9968010979171282,35.43776921458287,2025-12-01,12
Uttarakhand,Chamoli,2026-01-01,36.2275390625,22.298652412714763,50.15642571228524,2025-12-01,35
Uttarakhand,Champawat,2026-01-01,23.29736328125,0.0,50.2807847510973,2025-12-01,14
Uttarakhand,Dehradun,2026-01-01,168.53466796875,0.0,344.74711910004714,2025-12-01,160
Uttarakhand,Garhwal,2026-01-01,1.84765625,0.9850209630095007,2.7102915369904994,2025-12-01,2
Uttarakhand,Hardwar,2026-01-01,5.21875,0.0,11.993051686679248,2025-12-01,6
Uttarakhand,Haridwar,2026-01-01,142.60791015625,77.33663320705838,207.87918710544162,2025-12-01,130
Uttarakhand,Nainital,2026-01-01,91.6162109375,34.58591647597209,148.64650539902792,2025-12-01,76
Uttarakhand,Pauri Garhwal,2026-01-01,57.1162109375,39.45800736993502,74.77441450506498,2025-12-01,56
Uttarakhand,Pithoragarh,2026-01-01,32.00390625,0.0,70.87785697568978,2025-12-01,17
Uttarakhand,Rudraprayag,2026-01-01,22.85205078125,0.0,46.22578134464676,2025-12-01,16
Uttarakhand,Tehri Garhwal,2026-01-01,79.20166015625,42.39772970611035,116.00559060638966,2025-12-01,77
Uttarakhand,Udham Singh Nagar,2026-01-01,187.11083984375,107.28152028555816,266.94015940194186,2025-12-01,164
Uttarakhand,Uttarkashi,2026-01-01,27.10791015625,17.272969974448003,36.942850338052,2025-12-01,28
WEST BENGAL,HOOGHLY,2025-12-01,1.0,1.0,1.0,2025-11-01,1
WESTBENGAL,HOOGHLY,2025-03-01,1.0,1.0,1.0,2025-02-01,1
West  Bengal,Hooghly,2026-01-01,1.03125,0.6135774989293568,1.4489225010706432,2025-12-01,1
West Bangal,Howrah,2025-12-01,1.5,0.11407070887436688,2.885929291125633,2025-11-01,2
West Bengal,24 Paraganas North,2025-02-01,6147.0,6147.0,6147.0,2025-01-01,6147
West Bengal,24 Paraganas South,2025-02-01,490.0,490.0,490.0,2025-01-01,490
West Bengal,Alipurduar,2026-01-01,39.140625,0.0,176.81227097612805,2025-12-01,41
West Bengal,Bankura,2026-01-01,357.833984375,236.62342072112972,479.0445480288703,2025-12-01,361
West Bengal,Barddhaman,2026-01-01,472.8857421875,220.20665992202896,725.564824452971,2025-12-01,401
West Bengal,Bardhaman,2026-01-01,58.802734375,32.643120236928475,84.96234851307153,2025-12-01,51
West Bengal,Birbhum,2026-01-01,390.87548828125,124.66836013110202,657.082616431398,2025-12-01,326
West Bengal,Cooch Behar,2026-01-01,235.1162109375,74.5407129798038,395.6917088951962,2025-12-01,200
West Bengal,Coochbehar,2025-10-01,2205.0,0.0,8178.3552447514785,2025-09-01,50
West Bengal,Dakshin Dinajpur,2026-01-01,219.30322265625,168.66398413349944,269.94246117900053,2025-12-01,229
West Bengal,Darjeeling,2026-01-01,111.86767578125,0.0,296.47454093558076,2025-12-01,100
West Bengal,Darjiling,2026-01-01,24.6796875,15.99861304124255,33.36076195875745,2025-12-01,22
West Bengal,Dinajpur Dakshin,2025-02-01,997.0,997.0,997.0,2025-01-01,997
West Bengal,Dinajpur Uttar,2025-10-01,5835.5,0.0,21813.878797387424,2025-09-01,71
West Bengal,East Midnapore,2026-01-01,64.06103515625,31.901221555548965,96.22084875695103,2025-12-01,54
West Bengal,HOOGHLY,2025-02-01,1.0,1.0,1.0,2025-01-01,1
West Bengal,HOWRAH,2025-07-01,1.5,0.11407070887436688,2.885929291125633,2025-06-01,2
West Bengal,Haora,2026-01-01,89.66552734375,46.21710106184024,133.11395362565975,2025-12-01,78
West Bengal,Hawrah,2025-05-01,1.0,1.0,1.0,2025-04-01,1
West Bengal,Hooghly,2026-01-01,447.51171875,289.0288985574431,605.9945389425569,2025-12-01,406
West Bengal,Howrah,2026-01-01,360.8994140625,272.9034029381727,448.8954251868273,2025-12-01,382
West Bengal,Hugli,2026-01-01,4.619140625,0.0,11.50607610231761,2025-12-01,2
West Bengal,Jalpaiguri,2026-01-01,268.845703125,145.58377376625504,392.10763248374496,2025-12-01,264
West Bengal,Jhargram,2026-01-01,29.294921875,14.461553431077272,44.12829031892273,2025-12-01,25
West Bengal,Kalimpong,2026-01-01,6.140625,0.0,20.42017130092141,2025-12-01,6
West Bengal,Koch Bihar,2026-01-01,96.7919921875,57.81888440355205,135.76509997144797,2025-12-01,91
West Bengal,Kolkata,2026-01-01,274.97119140625,151.57253634119536,398.36984647130464,2025-12-01,267
West Bengal,MALDA,2025-09-01,1.5,0.2603871572139953,2.7396128427860047,2025-08-01,2
West Bengal,Malda,2026-01-01,399.12255859375,262.9135221044844,535.3315950830156,2025-12-01,366
West Bengal,Maldah,2026-01-01,56.142578125,38.28173830581157,74.00341794418843,2025-12-01,54
West Bengal,Medinipur,2025-12-01,1.5625,0.3693312086272611,2.755668791372739,2025-11-01,2
West Bengal,Medinipur West,2025-02-01,645.0,645.0,645.0,2025-01-01,645
West Bengal,Murshidabad,2026-01-01,1018.92529296875,592.4008490708884,1445.4497368666116,2025-12-01,906
West Bengal,NADIA,2025-03-01,1.0,1.0,1.0,2025-02-01,1
West Bengal,Nadia,2026-01-01,404.958984375,177.767478564968,632.150490185032,2025-12-01,384
West Bengal,North 24 Parganas,2026-01-01,777.9833984375,599.2116602568295,956.7551366181705,2025-12-01,724
West Bengal,North Dinajpur,2026-01-01,7.615234375,0.0,17.071192829253594,2025-12-01,6
West Bengal,North Twenty Four Parganas,2026-01-01,51.63427734375,38.36529972643444,64.90325496106556,2025-12-01,50
West Bengal,Paschim Bardhaman,2026-01-01,42.841796875,20.89906774527633,64.78452600472367,2025-12-01,42
West Bengal,Paschim Medinipur,2026-01-01,524.58203125,276.39940009967484,772.7646624003252,2025-12-01,449
West Bengal,Purba Bardhaman,2026-01-01,83.40869140625,37.313525624016506,129.5038571884835,2025-12-01,70
West Bengal,Purba Medinipur,2026-01-01,446.10009765625,219.26053759053792,672.939657721962,2025-12-01,389
West Bengal,Purulia,2026-01-01,29.8828125,10.478552442627429,49.28707255737257,2025-12-01,33
West Bengal,Puruliya,2026-01-01,435.00927734375,280.1622494822568,589.8563052052432,2025-12-01,391
West Bengal,South 24 Parganas,2026-01-01,890.8017578125,465.5455038338724,1316.0580117911277,2025-12-01,790
West Bengal,South Dinajpur,2026-01-01,13.14404296875,5.90853201015331,20.37955392734669,2025-12-01,11
West Bengal,South Twenty Four Parganas,2026-01-01,110.88427734375,47.75124477836973,174.01730990913026,2025-12-01,103
West Bengal,Uttar Dinajpur,2026-01-01,604.61767578125,217.04302596397315,992.1923255985268,2025-12-01,545
West Bengal,West Midnapore,2026-01-01,67.69873046875,36.17068931460604,99.22677162289396,2025-12-01,63
West Bengal,hooghly,2026-01-01,1.0,1.0,1.0,2025-12-01,1
West bengal,hooghly,2025-10-01,1.5,0.11407070887436688,2.885929291125633,2025-09-01,1
Westbengal,Hooghly,2026-01-01,1.0,1.0,1.0,2025-12-01,1
andhra pradesh,rangareddi,2025-10-01,1.0,1.0,1.0,2025-09-01,1
